"restaurant_name","place_id"
"The Curry Club London","ChIJtYG_3EWn2EcRWyBI_ED6D-U"
"HYDERABAD DARBAR","ChIJDXXoXBOn2EcRfjmS2gXVdfQ"
"Saravanaa Bhavan","ChIJI3tekPSm2EcRKigmUkBMsnI"
"Singam Bay","ChIJn6zYYWqn2EcRdQcKovaHRxQ"
"Veena's Virunthu","ChIJpQhTIBCn2EcR96ORL_foqBw"
"Royal Thali Restaurant","ChIJMfDQdbin2EcRNC7sVX2iUhM"
"Royal Nawaab","ChIJYY21W66n2EcRcGZNPoY41cY"
"NK Arya Bhavan Barkingside","ChIJvZm5Zomn2EcRaaMWhVyTm1k"
"Royale Spicy Dosa","ChIJ-7NV47mn2EcRpPEBlepo-Qc"
"Sahajanand Restaurant","ChIJz8uR77in2EcRhSpC-BPGl-g"
"Banana Leaf","ChIJ4_IP7Syn2EcR4NvP-efP54I"
"Yummy Dosa","ChIJHW95Q7an2EcRTtMQy-XzTBg"
"Haweli Restaurant","ChIJsTQT7Wam2EcRuWnri6bPzDE"
"Bahubali","ChIJo5WvV-qm2EcRNo9866UjH9o"
"Spice Restaurant","ChIJj6WSLK6m2EcRNRvI07S_Qv8"
"GK Lounge","ChIJS6aw1IGm2EcRqhPM3eFNzyY"
"Hyderabad Wala","ChIJCfLUeySn2EcRGf4QxLFyBgw"
"Hyderabad Darbar","ChIJJfMX6uqn2EcRuakJEwiueAM"
"Vijay's Virasat","ChIJmzMhv5mm2EcRmVGDN6aemOo"
"Colony Restaurant","ChIJg3A4ggKn2EcR59GWUoM_CQI"
"Saffron Street","ChIJbRa7LM2n2EcR__b_CaG7g_o"
"Jaipur of Chigwell","ChIJj5Ry_y6h2EcRMcxrRi4UxIM"
"Great Indian Food","ChIJ_0W-p0AddkgRWqvFJNs27bM"
"Spice Hut","ChIJzdDENBin2EcRw_sdSZX_RQE"
"Tabla Restaurant","ChIJ1b3ekYim2EcRMzz58GqZfdA"
"Asiatique","ChIJ3Rx4zCin2EcRE7Xj3Fm3j2s"
"Central Restaurant and Lounge","ChIJzc5xHSil2EcRSdLleD7Rf_M"
"Nosh","ChIJGee9OIqn2EcRDhXZWYbW3Qg"
"Ceylon Street Restaurant","ChIJ6YHjfp2l2EcREXBl1qBY9Ns"
"Punjabi Adda","ChIJfznFwOKh2EcR3msb1rW9wXk"
"The Avenue by Masala 910","ChIJOZDgLJ6m2EcRM5BWq3vbS5w"
"Punjab Grill Lounge","ChIJn-_0btWn2EcRloN0mW3asiA"
"Hey Ma Food","ChIJg2niZPih2EcRPs2KUGUUtHI"
"Caraway","ChIJjwqyy-um2EcRYQk-IE8tWVA"
"PANDYAS","ChIJC0WfUlWn2EcRUO1HaCltjfg"
"Panjab Street Food","ChIJQyi_pVWn2EcR7u2-FlejC8s"
"Citi Kitchen","ChIJL7HXauim2EcRLsy7pZepxpc"
"Hyderabadi Flavours","ChIJ8ZjSKQCn2EcRw8Fge5fuSMU"
"Kanchans","ChIJH83s_eqm2EcRpgz38ltRlf0"
"Kulcha Express®","ChIJCXzAQVSn2EcRTs-PKearKtQ"
"Naan Staap","ChIJvdCwat6n2EcRqcSX_MVkgQI"
"Royal Chef","ChIJr77cNgCn2EcRySCA9OehlN4"
"Mital’s Kitchen","ChIJO1EZLACn2EcReiL7fvqBKR8"
"Punjabi Tadka","ChIJ76O7kYim2EcRms90VkRgXAc"
"Al Qasr","ChIJdwx4i4Wm2EcRqs5RumVxT8Q"
"Punjabi Rasoi","ChIJGyUokTCk2EcRQGW_XzhGXAA"
"Muziris","ChIJdameDoKm2EcRtNPEnjzGJEk"
"Adchaya Bhavan","ChIJA9PBLoKn2EcRxtKXDXpylYs"
"Masala Hut","ChIJ0UxGdYWm2EcRDN8IStYkv7M"
"Clove Woodford","ChIJEzfPIBWh2EcRFon1nvmDGB4"
"Village Indiya","ChIJg5uazuCh2EcRfAfztbpMdtk"
"Temple","ChIJ1RLUKdCg2EcR1H1qhZO9y3I"
"Namak Restaurant","ChIJB3w71LSg2EcRxlUjWeOBkHc"
"Mohabir Restaurant","ChIJzVxA3LSg2EcRZVx_txF8mB0"
"Reesa London","ChIJ7UycI2Ch2EcRUv1mJzjaD4o"
"Heritage Indian Kitchen","ChIJJfWfSACn2EcRgvxENwwDmYE"
"Moj Spice Indian Takeaway","ChIJVeFMzNyn2EcRPUz2V5dYzq0"
"Bombay Spice","ChIJ-2405tSg2EcRbvrLFp3TvHw"
"The Coriander","ChIJrby447Sn2EcRWl2tt1XP_Y4"
"Jashan","ChIJJUt2t_obdkgRmrNcSsxRESM"
"Gandhi express","ChIJUV2hO-ih2EcRuOyDduSABwM"
"Purbani Tandoori","ChIJRXUyGaig2EcRwRS5ZEOEd_w"
"Masala Zone Earls Court","ChIJSXLapYwPdkgRtVISDMBW7Po"
"Village Masaleh","ChIJJx6QxhoEdkgR69qXbge-c0o"
"Papadoms Indian Takeaway","ChIJqzOR4zmn2EcRz85eoqhG-dU"
"Purbani","ChIJUfdGvhWn2EcRhUo3RRPe2Yw"
"Spice Village Tooting","ChIJ1TnjZ94FdkgRyn0dO5vTp_o"
"The Indian Brasserie","ChIJLXR88YSg2EcRGkaKrCOtMZI"
"The Voujon","ChIJk3pZoYWg2EcRELR9_pOUJrY"
"Saffron Kitchen","ChIJtYim-rwddkgRwxw23sq8bSU"
"Khushboo","ChIJQ_aIHNoddkgRdi77_WCa4Gg"
"Masala India","ChIJHcTA3_4ddkgRHAeFrxYULXY"
"Bhangra Beat Online","ChIJfwbsRzCn2EcRzR31XwLd2b8"
"Salaam Namaste","ChIJlQlH2jcbdkgR_k63M_bhvzU"
"Rasa N16","ChIJ5YzX_WMcdkgRMu9XceGWvpk"
"Shish Mahal","ChIJcxX1i40ddkgRbSGjVfUjSp0"
"The Lane","ChIJ98Lkjj6n2EcRHwbUCGfTxws"
"Leytonstone Spice","ChIJlXpCL3qn2EcRfIDekTmkEjg"
"Forest Tandoori Walthamstow","ChIJqY31YPcddkgRux2iNGWxvKM"
"The Tiffin Guru - Highgate","ChIJ7ygHAQYbdkgRnQibTXCJCCw"
"Monsoon Tandoori","ChIJyyWQkVOh2EcRlXBQ4uVnkLo"
"Dine More","ChIJ2_ovAU-n2EcRVfJzoyQz9_w"
"Star of India","ChIJn-LMB2-n2EcRnrxwrqCxAa4"
"Hichki Indian Restaurant","ChIJsxaTbWAddkgR-b_-qOdDlq0"
"Bengal Curry House","ChIJSwz4S8YddkgR7VMv4FAyUzo"
"Hyderabadi Biryani's (chocolate Villa)","ChIJ90_fwYIddkgRtF6sIA4uOyM"
"Vijay India Restaurant","ChIJj3pw3m0QdkgR2g5NGgDB-VQ"
"Lahore Xpress","ChIJw7oaG5MddkgRVsOa-HGmF5A"
"Kumba Curry and Grill","ChIJsTM1-8MddkgR8lW_lsjzkCA"
"Massala Indian takeaway","ChIJJx-EKWccdkgRHDuHMBdL0mM"
"Karak Chaii Leyton","ChIJPabjeL8ddkgRzGd0zRZCMJQ"
"Shri Lakshmi Foods","ChIJR0dEIFkddkgRWW4YPek63Qs"
"Miran Masala","ChIJjfrDAusPdkgRlTVSe7bthZA"
"Banana Leaf","ChIJX21G9Zmm2EcRo3dfAzhTXwM"
"Bindaas - The Indian Kitchen","ChIJU3mIYL4LdkgRwVJrWVjew_o"
"Namaste Kingston","ChIJpdywy-8LdkgRnGfjOQMuImE"
"MOKSHA - (Authentic Indian Restaurant & Bar)","ChIJkeDbSGQJdkgRHHle9dxJRnc"
"Spice Lodge Indian Takeaway","ChIJhTEyF-QLdkgRtMYx_lk7F6E"
"Roz Ana","ChIJYZI7okwJdkgR8VCISUP-Pyg"
"Tamil Cafe Restaurant","ChIJhfZpl70JdkgRSvIw6tw143U"
"Moidul's Hampton Wick Tandoori","ChIJL9q9zZULdkgRzrvjXZg0Eo4"
"Deea Bangladeshi Cuisine","ChIJvf5Sde0LdkgR_kJMpAwunVo"
"ANAR KITCHEN (Kingston)","ChIJA6dvBwQLdkgReyjojXYCr4s"
"Chakra (Kingston)","ChIJTUCIbLULdkgRpoxr7hqeOgI"
"Coco + Lime","ChIJRWmB6tkLdkgRxUAmvmk0Z5k"
"Indimax Dhaba Restaurant","ChIJH823l9YLdkgRrn7GGnJpS7k"
"Monty's, Nepalese Restaurant","ChIJIVC8VOoLdkgRoEfpp-LKswM"
"Ranya Restaurant","ChIJsZWR_-oLdkgRcO3Yl5V4ins"
"DELHI BY NATURE","ChIJLwjzOcMLdkgRfM6E2Y7hWUQ"
"Red Koyla - Indian Restaurant Teddington","ChIJmaQF_PILdkgR0axWtx5zieE"
"Koyal Indian Restaurant & Bar","ChIJVQxIAvELdkgRQeFOCJykxyU"
"Al-Amin","ChIJmbC6eOcLdkgRZrIi_4iOWOY"
"Riverside Walk Kingston","ChIJuXRldZULdkgRbTHUpFz3Wf8"
"Roti run","ChIJhZow2LkLdkgRt7yrmBxSJBs"
"MOJEN","ChIJPzOjbt0LdkgRVtNzznfoY_k"
"The DOSA Company","ChIJw1auPdMLdkgR6XRP-Fp1Flo"
"Agra Tandoori Surbiton","ChIJ34prsMwLdkgRP0MGXmcget0"
"Vasantha Vilas - Surbiton","ChIJw0JP6oULdkgRSv7LawSb5GU"
"East India Restaurant, Surbiton","ChIJlxaL87QLdkgRJUiiIpn5cB4"
"Saqui Tandoori","ChIJw8FNe3UMdkgRvpxKx1w0_XA"
"Prithi Cuisine","ChIJsbapbTIKdkgRzmXSiV4AdcU"
"Chilli Cha Cha","ChIJk3taYJULdkgRnHu6XC3kfIs"
"Joy Indian Cuisine","ChIJ3SshXYsJdkgROlwTPY0UIJ8"
"Saffron Summer","ChIJabRCmzgKdkgRHP9oehOYowE"
"Chennai Dosa Surbiton","ChIJ6f5KJxQLdkgRL4Fxw0iEhbU"
"Cinnamon Chessington","ChIJL1sJ7rALdkgRO-vR_xmvP_4"
"Roots","ChIJk9XouGcLdkgRATfXUOjSEtg"
"Yimchai (Kingston)","ChIJP1Y1kusLdkgRfQTx8aP9raA"
"Le Val","ChIJlcY1VOoLdkgRllyt2MI3Fmw"
"Anaaya Sri Lankan & Indian Restaurant","ChIJdzlyEs8LdkgR6KOGZrlKT5A"
"Teddington Tandoori","ChIJqdk8sYELdkgRDcXG7a0rYFI"
"Spice Express indian takeaway","ChIJDwmrvZ4JdkgRMMyul4yyIr8"
"Red Rose of Chessington","ChIJd6uMhmoKdkgRKsA65ZE2gHc"
"Khasturi Indian Takeaway","ChIJ-fXFYTkKdkgRoe-1DiZIlu8"
"Potli","ChIJv59U_0kOdkgRpCbn-AA_fIA"
"Rajah Indian","ChIJOyar3QMJdkgRxEa1lZ__XJE"
"Gazzab","ChIJP1xxaQAPdkgREsyOL2MNz-M"
"Namaaste Kitchen","ChIJA1Nc6uAadkgR102Mip4OeOs"
"Chai Nashta","ChIJJWKBGWALdkgRfaEAqGLrXCU"
"The Biryani Centre","ChIJFZJHMLQJdkgRo7LDbNpGS9M"
"Shilpa","ChIJ02ExpUoOdkgRFTG3d3Hgjy8"
"Lal Akash Restaurant","ChIJUW-GOhMJdkgReLSlw5bCX14"
"Red Rose","ChIJubivZLQLdkgRJDUWpao9ERU"
"The Chillies","ChIJLaRGuRwJdkgRqmxzR8MVRa8"
"Vibes of Hyderabad","ChIJA3jbB5gJdkgRHvEwlHk3kTc"
"Delhi Social","ChIJF_iW-loNdkgRGS5LqmRDYXw"
"Curry Bae","ChIJr7dHUjUNdkgRk2rwt1JRr3I"
"Curry Leaves","ChIJxcM7uRwJdkgRGTfdnL7PXDE"
"Kebir Turkish Kitchen","ChIJ7xMdxCULdkgRSvQGntqs4tA"
"Balti Kitchen","ChIJdSjjBJwFdkgR-gtH7MimEQk"
"The Indian Butler","ChIJOedncDQDdkgR87NALe6UQoE"
"Chennai Dosa - New Malden","ChIJKUnlJw4JdkgRUBs_VgkilK8"
"Jaflong Tandoori","ChIJd2g4AnEMdkgRi4FZ4_3ovtE"
"Zaika Essence of India","ChIJ9S0aP5ALdkgRUKTuTj9Syrc"
"Namaste Village Twickenham","ChIJ-zVNHy4NdkgRsHMZNRLrEBc"
"Twickenham Tandoori","ChIJ7VVgjGEMdkgRagFzynLrLl4"
"Ceylon Village Food (Kiramathu Virunthu)","ChIJuWK_J9wJdkgRiJvVcIBAD-4"
"Panas Indian Dining Twickenham","ChIJ8zfViVoNdkgRS5K3bFVmo6s"
"Haweli Barnes","ChIJpZotB_UOdkgRQNUYcv41_To"
"Chakra","ChIJDxwjt-QPdkgRNKTbCos-HE0"
"Sheesh Mahal","ChIJs2iN4WEMdkgRwJnQGfmXSUQ"
"Nawab to go","ChIJ3T9ZucwLdkgRLohRh8OhJwA"
"Malden Spice","ChIJnen-FEgbdkgRFIQUD0mz2eE"
"Bombay Delight","ChIJlcGxlQ0JdkgRwldjBp3toEk"
"The Momos","ChIJ_yv429EJdkgRjH170vtz1mc"
"Royal Heaven","ChIJG6xqsk0JdkgRADCN1YAGnnE"
"Babuji","ChIJba1iCLsbdkgRFpGiGF-_p8A"
"Blue Junction Bar & Restaurant","ChIJS9ny-ZoIdkgRmKVFJF756hU"
"Elaha Indian Restaurant","ChIJ9YuTjYcIdkgRYbRpYp4GdMs"
"Raka Indian Cuisine","ChIJL2xDhuoIdkgRULiVGz8o0NY"
"The Cricket Lounge - Indian Restaurant & Bar - Sutton","ChIJb0bOsAUJdkgRnPkyq699y-g"
"Tamil Square- Sri Lankan","ChIJv-uUAkIJdkgR0zd15ncf1Sw"
"Biryani Boss","ChIJRbx7nL8JdkgRuDlkc8WQmRg"
"Malabar Feast","ChIJ0e20bNsDdkgRz_uksYcl2G0"
"Star of India Cheam","ChIJ-XDDVyMIdkgRo_wgVMHPUa8"
"Lal Akash Sutton","ChIJ6RYeVyMIdkgRE6stMFJ1BNk"
"Tokri restaurant","ChIJrQLjLGMNdkgR5zJsF5M-XKY"
"Cheam Tandoori Takeaway","ChIJl46h8CIIdkgRB0tmcTTqSXk"
"New Golden Gate","ChIJ2TTiR14IdkgR36AYjowPGx8"
"RENAS","ChIJFQB3o-wLdkgRKGmyo6-j0os"
"Rose Restaurant","ChIJ47oiEsALdkgR48HE6ibFcUI"
"Fusion Spice","ChIJsaw7UDIKdkgRYcibkZSCwlk"
"El Curry Loco","ChIJ5yIbo2gLdkgR7da3B93eTVE"
"Bamanoosh Persian Kitchen","ChIJZXljDV8LdkgRUveMVy-6g44"
"Shahjahan","ChIJn0JdwV8FdkgREuvkOpupxTY"
"Maharani Palace Camden","ChIJUbrgHeAadkgR14cSQDH-gfk"
"Dishoom King's Cross","ChIJqWL6gz0bdkgRL14qKTnAjXQ"
"Khan's of Kensington","ChIJjQcUp0IFdkgRanlqLHrXn9I"
"Shah Tandoori","ChIJz2hENCYbdkgRfG4pnpsiOkw"
"Dishoom Kensington","ChIJv_uo9_YPdkgRq2K1F6d_5-g"
"Yatri Indian Restaurant","ChIJh4aKmUMbdkgRju0etBmZeI0"
"Tajmahal Indian cuisine","ChIJ0V3O-NsbdkgRnzn7BrhEQUM"
"Cafe Tiffin","ChIJR20FiVAbdkgRKZ1lWrcvPgg"
"Masala King","ChIJSVNMwPEbdkgR9ezXiFfZ69c"
"Turmeric Kitchen - Paddington","ChIJdaiSZNwbdkgR6v7V6W2Qzqo"
"Memories of India Kensington","ChIJW1e5NFkFdkgRw_1wF5RLuTY"
"Spice Bombay Bees (حلال) THE BUMBLE BEES CO","ChIJkd6matkbdkgRNRBDxVBC6aM"
"Cinnamon Tree Indian","ChIJ96E0gkUbdkgRsQibouiC1VM"
"Little India","ChIJNX_my14FdkgR3UQM1m1m_X4"
"The Tamil Prince","ChIJf-CNm5gbdkgRM5-J1EaYN4w"
"Indian Lounge","ChIJVyO6SzkbdkgRLmmlQydVDzY"
"Indian Veg","ChIJU2FpzUMbdkgR66gSDIr4Ofs"
"Memsaab Indian Restaurant, Islington","ChIJkZEf_W0bdkgRHNOtIqF_EHY"
"Didar Restaurant","ChIJEW2itWwbdkgRU-mR_UbShLc"
"Hidden Kitchen- Islington","ChIJcW2yj1cbdkgR5p6ulUdGpZA"
"The Mughal's Indian Restaurant (Fitzrovia)","ChIJDRaMc3YbdkgROmV5ziP4R7Q"
"Tamila","ChIJQck0K8UbdkgRtQECmxfLGHA"
"Mowgli Street Food Charlotte Street","ChIJJ0LMfbkbdkgR7-O1oXrduP0"
"Kings Cross Tandoori","ChIJn_prSjkbdkgRm_YIvH6iSJk"
"Masala Essence Indian Restaurant","ChIJK5-APQsbdkgReKrZg2vHESI"
"Taste of India Euston","ChIJ11icSiYbdkgRbJIVv1S5J5Q"
"Angel Curry Centre","ChIJF3esS0IbdkgRfgk7HfrfaoI"
"Colonel Saab High Holborn","ChIJnVf83AIbdkgR054D55weEBY"
"Chettinad Restaurant","ChIJFRIWQywbdkgRLJfGOhhZwac"
"Agra","ChIJRWUdBCwbdkgRH7ltYhkqHR8"
"THE BUMBLE BEES (حلال)","ChIJP2rmSb0bdkgRd7Gj1aRXDLo"
"Holy Cow - Fine Indian Food - Indian Takeaway in Angel, London","ChIJmT-vMkIbdkgRCn_J5qkZL7M"
"Zaffrani","ChIJC1oa3WYbdkgR52uq2KJoSf8"
"Bombay Corner - Indian Street Food","ChIJW5oUtYwddkgRaMcjhoudYQQ"
"Saffron","ChIJaz50Qx4bdkgRRm_LFkueZPU"
"ZOYA Grill & Lounge","ChIJbwbmpi8bdkgRluDw3B1Snv4"
"Camden Tandoori","ChIJnytWMRwbdkgRxzBKx-3qJQA"
"Taste of India","ChIJ9URdoGEbdkgRp3U3k0qZ054"
"Drummond Villa","ChIJX3-CRiYbdkgRU_P1DGkM1lg"
"The Spice","ChIJ5czsbgAbdkgR1v1S3Xs_8vE"
"The India - City Road","ChIJVYzv03EddkgR73xEvFfZ5AI"
"Bengal Tiger","ChIJpResIm8ddkgRDjOFV-_tGno"
"1947 London","ChIJE9ol8ysbdkgR-PpAYMncFHU"
"Masakali London","ChIJS-qAuzcbdkgRFRfgbDZBxuQ"
"Taparee , Indian & Nepalese Cuisine","ChIJXRhGbDcbdkgRE9OnyZ00Rdg"
"Namaste Holborn","ChIJm4hlXUwbdkgRhyNhK5KjpuU"
"N1 Grill","ChIJy4rsNEIbdkgR6pQC_it98_g"
"Bangalore Brasserie","ChIJb8S4ggUbdkgR6E72e_tV7Qo"
"The Great Indian","ChIJeyAlAgAbdkgR_Wt7M-cuOtw"
"OMNOM Islington","ChIJMZzVzZMbdkgRJeZXI1qaDvM"
"Govinda's Soho Street","ChIJN4xC2ywbdkgRw6jKHfSG0sQ"
"Diwana Bhel Poori House","ChIJG4khQiYbdkgR3AHuznzRzRc"
"Chutneys","ChIJY2cmSiYbdkgRqUmvCSPXhxk"
"Punjab Restaurant","ChIJOwZi1DIbdkgR9N8Wcyebz_Q"
"Ragam - Fitzrovia","ChIJMxA9jykbdkgRTLqE_8-At-k"
"Five Fingers","ChIJrQ5j2fIddkgRgh2vP0PLR1Y"
"Hillmarton Tandoori","ChIJUTaa4AsbdkgRpN4v8qw_3pw"
"Ravi Shankar Bhelpoori House","ChIJx3sWQSYbdkgRB1CTPlmFl9I"
"Poppadom Indian Kitchen","ChIJI_UgQjAbdkgRcnln6w0KakY"
"Jam Delish Islington","ChIJQc70THUFdkgRDJOG51aJMks"
"Goila Butter Chicken","ChIJn4Ku_U0FdkgRsjXsZ1TpNnM"
"Thenga Cafe","ChIJM28WNzobdkgRsnoCwh_o648"
"Rosa's Thai King's Cross","ChIJGzwJTO4bdkgRoCPkN9E7msE"
"Maharaja of India","ChIJS_aY-s0EdkgRbxbEVrlil9k"
"New Surma Tandoori","ChIJK-Eiop8cdkgRO8lq0mbRKa0"
"The Chambeli Indian Restaurant","ChIJNyuRtDYbdkgRlEy0Ogktjl4"
"Amin Restaurant","ChIJL8RQSKYbdkgRpxQXDnvL4Is"
"Dishoom Shoreditch","ChIJxYs1ArocdkgR-G13PLmofec"
"Masala essence","ChIJT79GbzobdkgROA_yHpdWigM"
"The Kati Roll Company","ChIJryulLSsbdkgRGzQbhLvsV-M"
"drummond street taste of india","ChIJxewuUJ0bdkgRuLXMiAij80A"
"Sagar South Indian Vegetarian Restaurant . West End","ChIJn6k6TywbdkgRf42LPHvHT4s"
"Indian YMCA Restaurant","ChIJaWyAJCgbdkgRjSgEr1sMre4"
"Great Nepalese","ChIJ4S83XCQbdkgR1jq0k4qasps"
"Taste of Jaipur","ChIJ6-NV_ssddkgR4SA-qWwY9Kg"
"Delhiacacies Deliveroo","ChIJk_lBVAAbdkgR_C5VfT36C54"
"Govinda's Holborn","ChIJB3SvjlobdkgRtKb-I-nEC8k"
"ZAFFRAN UK","ChIJRTyoUAAbdkgRFevyeoVm94M"
"Bollywood Stories","ChIJt_20QDUbdkgRWEcf-k0yoTc"
"Tikkas Oxford Circus","ChIJ6eVCtnobdkgRyJ0pDxEnD68"
"Curry 4 U","ChIJnytWMRwbdkgRX7qh_MnNrRo"
"Suruchi","ChIJ5f_vuoUcdkgRUWKCwRW8PU0"
"Bombay Palace","ChIJE9afL0sFdkgRDbhQeeLFLCE"
"Monsoon Indian takeaway","ChIJU-MHWZwcdkgRMIzYw7imcs8"
"Eastern Eye Balti House","ChIJ1QVPmrUcdkgR_ucC7oQ0STc"
"Sheba Restaurant - Awarded Best Curry House In UK","ChIJMRl6DLYcdkgRt9E0ECCsVcc"
"Pahli Hill Bandra Bhai","ChIJQ0ggkKQbdkgR8H1lxMkVB6I"
"Machan Kitchen - Sri Lankan Restaurant","ChIJ1U-042QbdkgRUKmkhzlTBWo"
"Yak & Yeti (Finsbury Park, Stroud Green)","ChIJZ-3eGJcbdkgR2LKm7nL6DDo"
"Jai Krishna","ChIJfyNEApcbdkgRgv6ZSvDkwh8"
"Woburn Tandoori","ChIJgQq8tTobdkgRpyHWE2idZRM"
"Bengal Village - Best of Brick Lane","ChIJFVTGbyUddkgRwo5u9BLz27M"
"Flamin Spice Camden","ChIJ4VTiHeAbdkgR8Mmnh5BBGGk"
"Chaiiwala","ChIJmbSTP0IbdkgRR9b_rqkGFYs"
"Muhib’s best in brick lane","ChIJ72sqQrYcdkgRBFkXputxDOQ"
"The Famous Curry Bazaar","ChIJ72sqQrYcdkgRUBNeyba3WSI"
"Flavour Bazaar","ChIJA3yGiE4bdkgROCWcV8JHqIg"
"The Tiffin Tin (West Hampstead)","ChIJXYp2fHwQdkgRNc4cvwPXe9w"
"New healthy wealthy","ChIJkwjJHwAbdkgRus-9xok-Xd0"
"Ash Tandoori, London","ChIJCeKjgqUddkgRkJMIgy5X5qM"
"Leads Eatery Indian Restaurant & Takeaway","ChIJd_sraK4ddkgRGLwq9-v2BTc"
"The Monsoon","ChIJVfHJINgddkgRFwZklvsWiw4"
"City Spice - Voted Best Indian Restaurant on Brick Lane","ChIJh8rSPbYcdkgR4D7XGgVWfQk"
"Meraz","ChIJvaJ2_bUcdkgR_zwnL5ddVn0"
"The Standard Bricklane - Voted Best Indian In London","ChIJ72sqQrYcdkgRLZ4tWz5adSg"
"Kitchen Dhaanya","ChIJy_hbm7wcdkgRfdnJYEgTRYU"
"Bonoo Indian Tapas Muswell Hill","ChIJ21dXuGcbdkgRebDxEclXXwE"
"The Sitara","ChIJFb9nVq4bdkgRX3akM_Xi1_0"
"Bengal Spice (Islington)","ChIJT3xHKqQbdkgRuhJAPkUpvlQ"
"Zaffron Indian Kitchen","ChIJbbu_4S4bdkgRcEfpaHk1jTk"
"MAKHANZA - Pan Indian Kitchen","ChIJ4SR7BjUddkgRTlWp5ep9TuY"
"Indian Rasoi Restaurant","ChIJmfz7AyUadkgR8oKLestQemM"
"Bonoo Indian Tapas Hampstead","ChIJ6WzEYoYQdkgRV76e176Wii4"
"Namaaste Highgate","ChIJKapHMdkbdkgRi7lxdEzyOcs"
"The Tiffin Tin (Tufnell Park)","ChIJaYHOea4bdkgRQtxvXxYG8Pk"
"Chai n' Biryani","ChIJTwsxUwAbdkgR83J0yjpmQKw"
"God's Own Country","ChIJr33Y5bobdkgRuQH9HPZaHDw"
"Bombay Rickshaw","ChIJOUKlCcIbdkgR2a02NxTQbDc"
"Indigo Indian Takeaway","ChIJM19NWaIbdkgRKNSDgr1aV2o"
"Bengal Indian Cuisine","ChIJcWM1lMEbdkgRHLQUlEJtFQM"
"Koyla Lahore Karahi","ChIJCw8SJqAbdkgRmqWmHTKCkR4"
"Monsoon","ChIJCUGPDlUadkgRAapblFuIEIM"
"Paradise","ChIJ-2wn7YoadkgRlTOmbRUGMZY"
"Kiplings","ChIJ08_jA0kadkgRHXJCAyQoizQ"
"Taste of Deshi Spices","ChIJs9k6-NgbdkgRe5Zuzra-EMQ"
"Cooking Pot","ChIJ13KtXqIbdkgRwVBmsV39BEA"
"India's Tasty Tales","ChIJ_wEbz9obdkgRKiXwa2grr7M"
"Shahi Pakwaan","ChIJq6pGPzkadkgRBtjI6pRT76Y"
"Mulakat","ChIJWfX_l6gZdkgRWgLiz6g3bgU"
"Belash Crouch End","ChIJ5z79EcEbdkgRB2R-tWxK4CY"
"Saffron Indian Cuisine","ChIJtTevlcEbdkgRmTJ8mfRJx00"
"Methi","ChIJLWdmXt8bdkgRmORw_qa-1gI"
"The Meghna Tandoori","ChIJwyHTI8EbdkgRe0QdeJTM_Sc"
"The Rajdoot","ChIJCde_bDUbdkgR6AqRDM9S5Y8"
"Aiyas Indian Cuisine","ChIJ0eFFryYbdkgR6IcCn2S467Y"
"Daakoo","ChIJzw_mdx4RdkgR56m1nkzSO7M"
"Mum's Rasoi","ChIJweuAK9EbdkgRT5NrE6Jygpg"
"The Tiffin Tin (Hornsey)","ChIJXa2j3cIbdkgR84UnTDViUUM"
"Bombay Brasserie","ChIJg9Lfz94EdkgRKam20elTCpo"
"N3 Indian Tandoor & Bar","ChIJFYxgoPgbdkgRaRBE6z9EalE"
"Loving Hut Archway","ChIJP1JZWK4bdkgRxv8Y38db37Y"
"Noorjahan","ChIJyy4RJ2EFdkgRUDjLEscRSv0"
"Noorjahan II","ChIJWdrmlUwFdkgRx3E52cxsack"
"Rathiga Restaurant","ChIJnayBvzEZdkgRQihb9EErC4Y"
"The Rasoi","ChIJcSuXgoMbdkgR1Mlxd4rKHS0"
"Bejoy Tandoori Restaurant","ChIJBaRDdGUZdkgRA4TMTMxbN3w"
"Indian Orchid","ChIJJ5L0duUZdkgR4yaRD3vR9cU"
"India Grill","ChIJXSuP63MZdkgRI0xWp5kWxfE"
"Sawan","ChIJIX_lTfkbdkgRP6630ZDESpQ"
"Sea Rock Club","ChIJDQtnc-8ZdkgRsmUXcuUSb0I"
"Sunderban Indian Takeaway","ChIJ-wrklOQbdkgRH0R_D0R2Cj0"
"Brunswick Tandoori Indian Takeaway","ChIJzbf1lqEZdkgR9ESrXgwcT9c"
"Boulevard","ChIJ6cektGkZdkgRmwUmFe5QamI"
"Rabbit Hole Cafe","ChIJbeJSPj4bdkgRIRFPgTqtsp0"
"Mohammedi Indian Takeaway","ChIJW2GNC2cZdkgRj6cvFJJNb4c"
"Veva Vegan - Tufnell Park","ChIJ_V7Ur6UbdkgRBc_AHom3_gY"
"Guru Tandoori Restaurant","ChIJubaM_f0ZdkgRyNxYt4CKDQ0"
"Salims","ChIJ38kRhOUbdkgRg5ac8GUiEgg"
"Aloo Tama","ChIJ2RGBvyUFdkgRIdkzhXdJExU"
"Brunswick Tandoori","ChIJZ99s858ZdkgRGLMv7FT_GeE"
"Fabrizio's","ChIJI9tSm7IbdkgRnWstxnqTMEo"
"Majjo's","ChIJ_bXQxiIadkgR2hpyHxegWyA"
"Paradise Kitchen","ChIJHQQZLnEbdkgRfWFrwqzBVmk"
"Crispy Dosa Wood Green","ChIJWcXzI4YbdkgRUr5wGlp5RnU"
"Taste of Nawab","ChIJfTGWTocZdkgRtsAYQlGv_ow"
"Royal Hyderabadi Woodgreen","ChIJnfN9VogbdkgRsb4tfvEdab4"
"Thali Thal","ChIJy-VEeOUbdkgR951aYLnlCjE"
"Puraan Indian Vegetarian and Vegan Restaurant","ChIJ24EJgIkbdkgR2hFacqeAyTM"
"Anaar Bazaar","ChIJhdkNAqQbdkgRZTmBgo_P-Gg"
"KABANA","ChIJSfJMccEbdkgRHh2bkpcE4RI"
"Zeera Indian Take Away","ChIJnT6raxQbdkgRauEOYH8gtwk"
"Salim Spice","ChIJrax7uPobdkgRasC3J6KeR-g"
"Indian Ace","ChIJqcwrbqsZdkgRNyyDMidEUiI"
"Curry Cosheli Takeaway","ChIJif9t8-kbdkgRQAd5ih1DtuE"
"Paramount Tandoori","ChIJx4ypmW4ZdkgRfgKwBOMpFpM"
"Dishoom Deliveroo Kitchen","ChIJ4fe2SwAbdkgRPJvsUN6w01E"
"India Town","ChIJj4DjJe4bdkgRD62gek67cYs"
"Haringey Corbacisi","ChIJcTgW2xobdkgRKYAaFs5emXk"
"Nurjenna","ChIJ1-CV2AQZdkgRiPFbrfMdSMs"
"Paccata Crouch End","ChIJhdoeEcEbdkgRKwIKWljCvzo"
"Parkview Bar & Restaurant","ChIJ34zrFWkZdkgRzsg6jVe5IwU"
"Woodhouse Tandoori","ChIJ6cWp15MZdkgR6ph7YMj1k_0"
"Bayleaf Restaurant","ChIJBdW8YsUZdkgRHwRB-hYF4zk"
"Anokhi Indian Restaurant","ChIJjTHVJ3EZdkgR1vD_w7Xf9Ak"
"Jaaneman Sweet Centre","ChIJfxEtP2kZdkgRDIHmjKEZ88M"
"Mala Brasserie","ChIJlZTRiSYZdkgRSPeQRDohdbk"
"Mauritius Paradise","ChIJi2yscOMbdkgR9EXt4TlfXQM"
"Miranda Café","ChIJcd9SGsEbdkgRc3BQC9lKd0I"
"Allotment N11","ChIJ4Vr3RngZdkgRlIEUH0_84QY"
"Jenn's Caribbean Kitchen","ChIJK27oQCEbdkgRi6XGn_2U1wI"
"Through the woods","ChIJh-8RnHQbdkgRh7CxAa6V_vQ"
"Radhuni Restaurant","ChIJeyGGRKgZdkgReCFmXaoYFWQ"
"Dipali Indian Restaurant","ChIJeTItl0AZdkgRh-K_vxEutnI"
"Farmhouse pizza@ DESI TADKA (Indian Street food)","ChIJhTmVrWkZdkgRbManhvv_02E"
"Bengal Bertie’s","ChIJFSbM9-UZdkgRT75nUNeT9eA"
"Malgudi Express Karma Kitchens","ChIJkeNxqVsbdkgRQ4l1RfuZqBw"
"Zam's Chicken","ChIJxwTjN_IbdkgR3vtcpldR_YQ"
"L’Mour Lounge","ChIJN_KSBoIZdkgRaKU9V75o5Kw"
"Chaiiwala","ChIJwesEzxoFdkgRMLAwxl-0x6A"
"BEST TURKISH RESTAURANT","ChIJx0L4l-AbdkgRstisoNqzjHo"
"Vegi Vegan, Takeaway","ChIJNxS_rZsbdkgRWB0ddUqXuSA"
"Rani Vegetarian","ChIJuXSW_v0ZdkgRKhIZlbYMa9M"
"Durak Tantuni","ChIJe8kfzvcbdkgRzNuOyHx5Kj8"
"Capital Restaurant Wood Green","ChIJXTPcpuMbdkgRmayol6GV6-E"
"JRC Global Buffet","ChIJOT5PeeMbdkgRMPwyemgc_iY"
"Shahs Halal Food","ChIJE87MjVQbdkgRv50dsKwho7M"
"Arati Tandoori","ChIJwRa_aTAYdkgRWJTob38SsTE"
"Humble Grape Crouch End - Wine Bar & Restaurant","ChIJA6sVK8cbdkgRPii1wvNMf00"
"The Original Curry Company","ChIJPwp8pKQZdkgRqmHpRLJ5QRo"
"WOK N' GRILL","ChIJw7h9SAAZdkgRhp96XygyFJA"
"Red Onion","ChIJPxCH20oYdkgRg7mF4U9wxnM"
"Saffron Kitchen","ChIJzxgzRgAZdkgR6HD8d_Pgyow"
"Indian Mehfil","ChIJaQ0eYiQZdkgRVnF-BUn7qLA"
"Veg Chennai Srilalitha","ChIJ6TVIjh4XdkgRWXXuMZmPRIQ"
"Namaaste London","ChIJl0oc7OERdkgRJ6ppUZaXvOQ"
"Sun & Sand Lounge","ChIJ-VE3Y7cQdkgRZ_ZL8FVK2DU"
"Gokyuzu Restaurant Finchley","ChIJGfX4it8ZdkgRE7HgS4e2aKU"
"Mother Restaurant","ChIJ0b5vOTwXdkgR_kgdjVHt_rI"
"Divan Restaurant","ChIJH4uBHVYXdkgRfN-L8b0htVw"
"Goda London","ChIJzTSpNR4ZdkgR1vc6_P6jq6s"
"Mahavir Sweet Mart","ChIJId5Q8P0ZdkgRFpArD9Tm8gA"
"Wok And Slice","ChIJn1SxX4EZdkgRX3A-atcmAfA"
"SAFFRON NW4 - Japanico","ChIJk0Zf55oRdkgRPeut2n3eETo"
"New Imperial Spice","ChIJmb0_jRsadkgRxijIAwnRmg0"
"Day of the Raj","ChIJwavwd_YXdkgRq0t9xCir5fA"
"The Arena Club","ChIJd8IugNwQdkgRH1sKByMEp7E"
"RK PURE VEG","ChIJydV0BP0bdkgRxgDM7imDNQk"
"East End Tandoori","ChIJEZOu9wQadkgRyQaZhPLr72I"
"Meera Express","ChIJH4uBHVYXdkgRHBKjLXEV4Zg"
"Taherah","ChIJEc1DiY4adkgR4GzV30bxhqs"
"Original Lahore Restaurant & Takeaway","ChIJyS-qncUQdkgRZzc8JJROOD8"
"Pravaas - South Kensington","ChIJ__9DAWgFdkgRj0UKhMpiz4I"
"The Tiffin Tin","ChIJR_ZtpNoZdkgRsgkhq7IUoJk"
"Samis Restaurant","ChIJ_x7Ems8QdkgR_v7Y4YvLNvE"
"Gupta's - Indian Sweets and Savouries","ChIJ3zEycNYQdkgRJ01ItHXqQzI"
"Great India","ChIJzTuR6BYFdkgR1QnSSq0Mb2Q"
"Chokhi Dhani","ChIJZ2Qg6PwEdkgRJfQbhu3WAWg"
"Taste of Goa","ChIJYUTCFogbdkgRxx4Unl4Dc8A"
"Dosamaa - Indian Vegetarian Restaurant","ChIJ0WZhyWUbdkgRkAXYypCzrqg"
"Barbers bazaar","ChIJu6-VCvYbdkgR4ubfiZfbY1o"
"Grillicious","ChIJGST0X4QbdkgRUfdxV-iOB4Q"
"Indian Tandoori","ChIJMYMpfScbdkgRxwAK4A3GreE"
"Super Kitchen","ChIJKQmVopQbdkgR8b3k-ZvE0kU"
"The Tiffin Tin (Stoke Newington)","ChIJlXq6fkQddkgR1rkEDZ953a4"
"Shah's Halal Food Finsbury Park","ChIJt63DUt4bdkgROSCJ3wM3DZ8"
"Trishna","ChIJ8fHhiM0adkgR5dxGPhTVlvA"
"Ubah","ChIJoyC8NYcbdkgRcw7nJLoDF9U"
"Palmyra’s Kitchen","ChIJp4ISpgcbdkgRTD7ek49zx0A"
"Fav's Chicken and Indian Takeaway","ChIJ8513IIUbdkgRJwgmPeu4Skg"
"Maharaja - SoHo","ChIJNY8ZOdMFdkgRSu_LdzF8eLo"
"Karnaphuli","ChIJzwugM2EcdkgR9vZ0u7ADWEY"
"Brigadiers","ChIJU1e3CVUDdkgRbWhGVEiDv0Y"
"Kachori","ChIJNaCAycQFdkgRiLZ0MNoYYu8"
"Chai Thali - Indian Restaurant","ChIJeRovFh8bdkgRKtfQSVHwsyk"
"Maharaja","ChIJV-hCg1UFdkgR4QP3tqNzzys"
"Kera Restaurant","ChIJN4UozUUbdkgRpfL8KJ03FFM"
"Auntie's Unique Kitchen","ChIJwTsfmf4ddkgRfCugD4NF2LE"
"The Junction Market","ChIJ08xgA58bdkgR9g6uDep0A1Q"
"ÇiğKöftem","ChIJ90pdsfQbdkgRl2EAH014xyQ"
"Chakra Cafe (Coffee, Breakfast & Brunch)","ChIJj03n2DUbdkgRb-wjh3r5RA0"
"Tiffin Tree","ChIJ76mSb2QFdkgR7cYn7TSrvRs"
"Antepliler Doner","ChIJgY3UoNkbdkgRj45muRRwjZI"
"Tiffin Box","ChIJ_c5Qe2ccdkgRvyNoXiYQa1s"
"Sripur - Indian Masterchef","ChIJNyez400DdkgRvsaM08AjreM"
"Chickenways Peri Peri London","ChIJRZ_TdPQbdkgRuCI9oWb8Ed8"
"Zari Bay","ChIJf9YJtaEddkgRVKM4sQ8vUac"
"Jam in a Jar","ChIJxXHDS_EbdkgRqDeOAJ6PswE"
"Testi Restaurant","ChIJIY4pxmEcdkgRvmnaEN34yAI"
"Ambassadors Clubhouse","ChIJ9wPPUaQFdkgRV6fcyggxHng"
"Karamel N22 | Collage Arts","ChIJcw2ASuEbdkgRuyTZWhPDSbI"
"Chennai Spice Restaurant & Party Hall","ChIJF0noafoedkgRs9AHDa94QuU"
"Common Ground","ChIJ78mgg5AbdkgR7pZpCzL0Jhk"
"Chopstix - Wood Green","ChIJd_r6xqsbdkgRCFgPlJdK_Gg"
"Rice 'n' Spice","ChIJ-xMn0VscdkgRCZErLBxPBDI"
"FOOD AURA","ChIJQyh3CgAddkgRCZhaLl-B9fA"
"Khas Tandoori","ChIJt7mbmYQcdkgR6pYO2283fCg"
"Veva Vegan - Stoke Newington","ChIJObupftEddkgRwg3J30LISWY"
"Curry Cartel","ChIJS6L_Zu8ddkgR5543nqqzdOE"
"Tiffins Club","ChIJ3d88GfUcdkgRPsXpcJsg5PQ"
"Istanbul Restaurant","ChIJvRTeE4wcdkgReugeooeSTKo"
"Mint Leaf Curry House","ChIJqVs2gqcedkgRzsKOBc7Ncog"
"Spice of Haverstock","ChIJ_cFXpxsbdkgRqef0nbZbCR0"
"Gujitwoshoes","ChIJEa92M6UZdkgRWnmqpSt1ycE"
"CurryCraft, Indian Kitchen","ChIJCzceA_YfdkgRfMHIEORRJOs"
"Red Rose Tandoori","ChIJvdFp7KUbdkgR0YAy_cYTqOs"
"Spice Bar","ChIJw70GN9MedkgRdBwYlV2rrbQ"
"Holy Cow","ChIJ2X8wnq4bdkgRyzoSkA7-RNI"
"Curry Nights","ChIJHzvGyj4QdkgRqNwHHdxPqiA"
"MYHAN","ChIJ_9rFhsYbdkgRVS_M2uY4ycY"
"Bombay Kitchen","ChIJiTHsF6URdkgRQC7JS5sm7jA"
"Crouch End Best Kebab London","ChIJPR_t8ukbdkgRZ-rEM3ecDVs"
"Vibes of India Restaurant","ChIJD2_auCEZdkgR2G6H0ZMhr6A"
"The Auld Shillelagh","ChIJ38Y5f2McdkgRGBASpRWMhKk"
"Octaves","ChIJG2Ekim4ddkgRlwYFtuUXeZ0"
"Dhaka Tandoori","ChIJLYMv--gddkgRgJ4tQLRahTI"
"Calicut Biriyani Centre Tottenham","ChIJ0zuwFgAfdkgRlS-xThZSF5w"
"L' CHAMA","ChIJc0CXAAAfdkgR6AuY8otY-6s"
"Salwah Events and Catering","ChIJETsHVwAfdkgRQNuMWZesbg8"
"Parkside Kosher Restaurant","ChIJcXCfsTgcdkgRXbC7W8TFxLI"
"Memsaab Indian Cuisine","ChIJ92Jq25YDdkgRDMBzCX4BdaU"
"Bazaar - London's Indian Takeaway (Hackney)","ChIJdygVHJgddkgRWVZ_R49Ff14"
"Jamuna","ChIJlXDXerMadkgRext1r0mx_Jw"
"Bohem Tap Room","ChIJtXhtcWcZdkgRvwvn1w33i68"
"Bayleaf","ChIJr4zDLvcedkgRtqg_c85tvI0"
"Asado Mediterranean Bistro","ChIJgWbMmIEddkgRlNvmmro2kgU"
"Hoppers Kings Cross","ChIJT3oZL1sbdkgR2pgM8UcKEkI"
"Dishoom Carnaby","ChIJX991btUEdkgRnyuUWceX00Y"
"FIRIN","ChIJu2eCrDUbdkgRywaC-vLLzJI"
"City Masala","ChIJA5c34JkbdkgRuD5fSk4JXYI"
"The Indians Next Door","ChIJf54tgyAFdkgRydDXI-ItClg"
"Colonel Saab Trafalgar Square","ChIJlciW4jsFdkgRvV8ezEeIcB8"
"Biryani Guys","ChIJnRCbQvEbdkgRtY9zE3XH6U8"
"Oorja Indian Dining","ChIJUXXKEgAFdkgRYlh7JC7MCC8"
"Mayura Barbican","ChIJHeiy4NobdkgRx4ALuk9cLzk"
"Paro - Covent Garden & Strand - Best Indian Restaurant London","ChIJH5HoVsAFdkgRd4SH6P8VAhk"
"VATAVARAN","ChIJMSY-ZnIFdkgR9Gl8FyLYYjk"
"Jamavar","ChIJmyw0PSwFdkgRTdpWlbA5OmU"
"Rasoi Ghar","ChIJjSVqvDUDdkgRD0mPUD8uhPI"
"Tower Tandoori Restaurant","ChIJ0T2NLF0DdkgR3DCNsmxc6LI"
"Indian Taste Buds","ChIJt0xBeakFdkgReGWGKLhmgoo"
"Baluchi - A Pan Indian Destination","ChIJy_mBvUUDdkgRXNzcVHLgov4"
"Aladin Brick Lane","ChIJ_YxXC7YcdkgR7WdFQXF-uoc"
"The Empress","ChIJa-FguTUDdkgRpDePg4VGucc"
"Tayyabs","ChIJsXHacsscdkgRUnql8CSRexg"
"Nazrul","ChIJh8rSPbYcdkgRsUtU-pLEkkw"
"TUK TUK Golders Green","ChIJhwUC3TcRdkgROU4SHHBzVNo"
"Palki","ChIJHVPqCRkQdkgRlbGkNR79r-c"
"Novellino","ChIJgRFgHZoQdkgRzEcmwcWIqCk"
"Likya Turkish Restaurant","ChIJ2e4z9ZkQdkgRKuU0jUhp8J4"
"Persia restaurant","ChIJgX-985sQdkgR6oN-EeLWkQw"
"Beit Hamadras","ChIJ7UUhWcsgjygRle2FLTasr48"
"Hummus Bar Golders","ChIJHVnb9pkQdkgRBz4WohT_kO4"
"Soyo","ChIJ5a5j9pkQdkgRjlx_x6cI2iY"
"Likya Bakery & Patisserie","ChIJSRJ-RgARdkgRvCQLLENsvbs"
"Met Su Yan - Golders Green","ChIJ6bOJaJcQdkgRVGEmjhenpGY"
"Amelia's Vegan Kitchen","ChIJFSFNoc0TdkgRgLAyASOX2Jw"
"Motu Indian Kitchen - Swiss Cottage (Delivery Only)","ChIJ_YT6Y8kbdkgR-iSF-DKW8Nk"
"Prince of Wales","ChIJ9YF27k4adkgRs9uE1PEqQLw"
"Pita","ChIJs9JpXpcQdkgRqGdKBr3d76s"
"Mega Grill","ChIJ7coQ40kadkgRvOni1EgD4SA"
"Blac Restaurant & Lounge London","ChIJG4ZKgYgZdkgRlWfoRR-Keyo"
"Bayleaf Takeaway","ChIJqywkls8ZdkgRw03qTSiPnhE"
"The Grange","ChIJn4mab9UYdkgRGigdettWX8A"
"Masala Lounge","ChIJybjt5NkedkgR77HlWwzUkCY"
"Roti and Spice Restaurant","ChIJswoEZC0ZdkgRDjdHKhi8UDM"
"Papa Ji","ChIJc26nNw4ZdkgRo3iirQC9yWg"
"Village Tandoori","ChIJY0NW394YdkgRf0624ERZON0"
"The Poppadom","ChIJwxxN2zIfdkgRh9Ht7Rkdpxs"
"Petek Restaurant","ChIJVV5elpAbdkgRwmzD8ulyc10"
"Yaari","ChIJcW2FJ-8ddkgRmcV-7yXOIoQ"
"The WB Yeats","ChIJAUfeHpobdkgR0PQGb1dQGxI"
"Iznik","ChIJCyYk534bdkgRRO9bPSwShr8"
"Art of Spices","ChIJdd5yJ5AcdkgRN8NQrUunteM"
"Ranna (Dalston)","ChIJjUZT-JEcdkgRYNtfdDzcU78"
"The India - Cannon Street","ChIJSb2Du1UDdkgRym19AqN4mAU"
"The India - Fleet Street","ChIJrSdbix0FdkgRHts-I6jzO1c"
"the muddy puddle","ChIJO4JS8KgddkgRql3YorHreVA"
"The India - Monument","ChIJxcOYrHEDdkgRSQA6Cjk_wVE"
"Stone Cave","ChIJqwqSMYwcdkgRl7PS6Oz3d5U"
"Xi'an Impression London","ChIJkfIXjXYbdkgRomIMKvJV1CA"
"House of MoMo","ChIJfXgEeo4cdkgR37oRUEIeT_A"
"Canonbury Tavern","ChIJh2uTGmMbdkgRvRsyJqqTnbQ"
"Kashmir Kebabish","ChIJLVdWCI0cdkgR4LfWbhKjlBI"
"Zayna","ChIJnXOwUjMFdkgRmyygsa98fLk"
"Spice Of South","ChIJS_t_j9kddkgR_8dA9ATCC7E"
"Shahs Halal Food Dalston","ChIJJZavNQAddkgRubPZJkIjd9E"
"The Desi Deli","ChIJpyZGtZ8ddkgR3WZq2QnUejs"
"Aroma Spice Hampstead","ChIJKbfO5_QadkgRiRl-kj4j6hU"
"Dar's Grill","ChIJyUxi1fQadkgRyczmxfDI3rw"
"Bahara - Indian Kitchen & Culture","ChIJrwXwcgAddkgRrIc4aqiiIDM"
"The Indian Pantry - Kentish Town","ChIJl0gg5UkbdkgRqIkLOT_Nayw"
"Healthywealthy","ChIJ-2qlgQUbdkgR-PJZfonpHEA"
"Bombay Nights","ChIJS8eIrn0QdkgRI-uswiD6pbI"
"The Mughal's Indian Restaurant (Paddington)","ChIJaaokz7IadkgRSl3gm09_0kE"
"Paradise Indian Restaurant","ChIJf8_gMeAEdkgRQkXG0eb5jx0"
"Haweli ealing","ChIJMSn48YgNdkgRcTtmlra16Dg"
"Kinaara","ChIJzS9HhqcCdkgR1L72v2O2gMY"
"Spice Station","ChIJv1afqIWg2EcRfGFXPFz_IXU"
"Dishoom Covent Garden","ChIJxZXYx7cEdkgRdgAOZ6OHOJw"
"The Rajdoot Marylebone Award Winning Restaurant","ChIJHR-PBc4adkgRyVQ45tws_Iw"
"Taste of Lahore","ChIJvV1d8TIbdkgRfvsJVquuZ94"
"The Delhi Brasserie","ChIJ0ckR5tIEdkgRH14OE2961M0"
"Gymkhana","ChIJtwn55ikFdkgRAvOuPIWeLM0"
"Papa-dum - James Street","ChIJUQD_JrsFdkgRjfA_8PaEZto"
"Hazara Restaurants","ChIJgavAjo4adkgRpLvDL5cGAv8"
"Farzi London","ChIJtY69bnIFdkgR-OnW4B0DKj8"
"Quilon","ChIJu3jc0d4EdkgRmVLp_Cwwti4"
"PAPA JI @ GOOD MIXER","ChIJb7fhRSkbdkgR9hkkBdq9ytc"
"Mumtaz Restaurant","ChIJkfUgL8YadkgR9GNwPm5TVuQ"
"Chourangi","ChIJMV4dUTMFdkgRMc_mUdqS0ao"
"Roti Chai","ChIJ6ymT1TIFdkgRmqJ1wtz__ig"
"Veeraswamy","ChIJnVRkK9QEdkgRz8uiqq2HfjM"
"Madhu's of Mayfair","ChIJhe0WANQEdkgRRiKiwgZdaYw"
"Keep Chaating Indian Vegetarian Restaurant","ChIJ-76JqjgFdkgR0h2oqlgUKoU"
"Chutney Mary","ChIJlf7qr30FdkgRO_GDYpaNlR4"
"Manthan","ChIJISKhh0QFdkgRLKbMqKt_iv0"
"Tandoor Chop House","ChIJHbSzhc4EdkgR9yb_Bc6nu4A"
"Taste of India","ChIJF1QphFUFdkgRJNKev9t6SBY"
"Masala Zone Covent Garden","ChIJ40_ZncwEdkgRKYHPtm7wi28"
"Fatt Pundit","ChIJZzLmQYoFdkgRf2kJmh4FwkA"
"Benares Mayfair","ChIJAStk3ysFdkgR8XBBK_CEfuU"
"Aik Sitar - Indian Restaurant & Bar","ChIJ1ekQK_AFdkgRemmr-RHwjJs"
"Meat The Vegans - Multicuisine","ChIJs-gdStUbdkgRmCNdDO2kuLc"
"Amjadia Indian Restaurant","ChIJk4-5ydIadkgRX3573n8tXxc"
"Fire & Spice Indian Restaurant","ChIJG0eONDMFdkgRXXMd4btouUw"
"Masala Zone Piccadilly Circus","ChIJn-lu1i0FdkgR1vYtPWl85iA"
"Bombay Bustle","ChIJNTVzkioFdkgRlneHbptnKLc"
"Peninsula (Sri Lankan & Indian Cuisine)","ChIJjcZ1IyEFdkgR7eb3llXJmeI"
"Cinnamon Bazaar","ChIJMyKwDswEdkgRlLsZAjZBRu4"
"Kricket Soho","ChIJXWnxCtQEdkgRcG32UcQZFVQ"
"The Cinnamon Club","ChIJewr3utwEdkgRw51-rUzWyVo"
"Kutir","ChIJ_UXBBssFdkgRUdKF-u4Hb0w"
"NK Arya Bhavan Central London","ChIJ7wWM-s0EdkgRE4IB5PjkRZc"
"Masala Zone Soho","ChIJrdWi49QEdkgRHfSGuZRCJUM"
"Zaika","ChIJnbhVw_YPdkgR2FvRK5V9lUc"
"Shahbhag Tandoori","ChIJlwalTogadkgRk5KaruCmqB4"
"Kahani Restaurant","ChIJoxmQsmYFdkgR_vzdp3_RnIM"
"Yaatra","ChIJq7K3M9wEdkgRu2ruj5uzhro"
"Tamarind Kitchen","ChIJ_1UKqtQEdkgRIi7jsPcy-cY"
"Flavors Of India - Paddington","ChIJ1doG1lIFdkgRcONz295do9E"
"Salwa Restaurant","ChIJN0hLobUadkgRnz6wQHtK5ZI"
"BiBi","ChIJYWoeDNwFdkgRO0iJcsoOUQM"
"Meghana Grill Indian Restaurant.","ChIJSSbXCp8adkgRpz6inPDeRlE"
"Gopal's of Soho","ChIJI5FNINMEdkgRPVW5WiN_rNo"
"Tamarind","ChIJTUlS0S4FdkgRNcarX5NN-AM"
"Shezan","ChIJL4oc0kAFdkgR-3hhbcNWFDk"
"Royal's India","ChIJKTXcpswEdkgRm2vpodP6ifU"
"Strand Tandoori","ChIJPwRFBMwEdkgRO9v6SIxbSTc"
"BKC - Biryani Kebab Chai - Marble Arch","ChIJheL80ToFdkgRAm81PxeDlmc"
"Biryani guys","ChIJt6ePR7YadkgRU8yBfOkO8iM"
"Darjeeling Express","ChIJedBoD9UEdkgRnEfxjGeFIpY"
"The Restaurant at The Sportsman","ChIJbbxKRTMFdkgR-lLsUmYIKzg"
"Anjanaas Restaurant","ChIJORkH2m0QdkgRgSD4dX8e0zM"
"The Khas Lounge","ChIJuascyW0RdkgRvFn-UtcQwBs"
"Musthafa Kitchen - Gulf & Indian Cuisine - Best Khaleej Food","ChIJHUXgLnMRdkgRWEGcAw6ora0"
"Koh-I-Noor Palace","ChIJk7pUmQkRdkgRbA4RNLD1RVY"
"Colaba","ChIJ35q18qIRdkgR6_JMaMRVU1g"
"Yatri","ChIJsw1JOwAPdkgRaz0kGCCN4cU"
"Bombay Flame","ChIJT_yzanEQdkgRaGGXotVstu0"
"Ruhit's","ChIJlb5LMEUQdkgR8lBwPY7lbXU"
"Dhaba@49","ChIJVa-IfgUQdkgRbq0X-jHLTUE"
"Daakoo","ChIJX_kv4AcRdkgReTBCogNQ3YE"
"MIRAN MASALA","ChIJwSbiS4QRdkgRkrU9kLwYknk"
"Super Sweetcorn","ChIJZUQ7DwARdkgRPdL4uFcA8rc"
"Taste of Punjab","ChIJu0e3wyIQdkgRDGfEKBQKlBo"
"Raj of Kensington","ChIJS2d0gfEPdkgRuvKJvm38hHs"
"Best Mangal 1996","ChIJtV4sJ9QPdkgR2gN00F4SAyk"
"Khan's Restaurant","ChIJKccnIwAQdkgRC6gdNvxaIZE"
"Empire Empire","ChIJYZTHoCgRdkgResU548KLYtU"
"Dishoom Permit Room Portobello","ChIJgeKQnT8RdkgR6EY52K8FSvQ"
"Curry House","ChIJe4g90XQQdkgR1LQAFWekxts"
"Chaiiwala","ChIJzQ6iFRwRdkgRdfzSotAblZc"
"The Bengal Restaurant W2","ChIJVXTGkAAQdkgRkAoOVB8y94I"
"Copper Chimney","ChIJB5pTURMPdkgRpnCf-6V4pyA"
"Indian Spice","ChIJv1e3i_wQdkgRVM7E3gefjtI"
"Masala","ChIJaZrUQ4sPdkgRbW0NrBejoNw"
"Khushi Montys Restaurant","ChIJ6foRaJ4PdkgRbNszIl00ZqE"
"Shayona Restaurant","ChIJyZCdWpgRdkgRizmFSNaQt2I"
"Spice Shack","ChIJ6VehZu4RdkgRAGsYd0tMRrQ"
"Biryani Central (Neasden)","ChIJg-cGV-ARdkgRY8wFjV7szrM"
"New Asia","ChIJQzu8RIsPdkgRONrHngpIYFA"
"Kishmish","ChIJcbzeg4YPdkgRh2v5_HCSYkA"
"Spice Grills","ChIJafjTe8UPdkgRgOGLa27iIxI"
"Masala Express","ChIJF8OiXJAPdkgRQoiKcCZ8VtI"
"Spice Of Night","ChIJucgq5LIPdkgR4fXsxZMeYbU"
"Elephant and Barrel","ChIJGad2aJcPdkgRuJoS7bZokDg"
"Chelsea Spice & Grill","ChIJ7ZIItCAQdkgRph6JdQlaBZU"
"Bombay Cottage","ChIJC33dKD0NdkgRM-4M2e0hQFk"
"Raj of India","ChIJafjTe8UPdkgR8qWV9XyV_Zs"
"Tandoori Restaurant","ChIJNcd8lVMPdkgRZNq5AgqNjWk"
"Star Kebab House","ChIJezahtYwPdkgRyYdRv2mNlk8"
"Patri","ChIJKXaEP8kPdkgRuCRoF8rGysQ"
"Rajput","ChIJ83a1ss0PdkgRsCjTyK1ZYWA"
"Rangrez london","ChIJj8AhZbcPdkgRoK8QnmIXhdI"
"Baarish Restaurant & Bar","ChIJsUnl_zoSdkgR_q0f8H718iQ"
"Chaiiwala","ChIJa7sbGIwPdkgR-pQhTsMRaB0"
"Station Cafe & Restaurant","ChIJWa48fMgRdkgRo6FsVx24rBM"
"Hyderabad Hut","ChIJWeGybCYRdkgRaSevGdmnjQU"
"Beit Cafe","ChIJn-Sy1Z4RdkgRv2BjXCLllB4"
"Lahore Masala","ChIJN6KQ8vUQdkgRC4kqLzDcqYs"
"La Fiesta","ChIJ67bJipUQdkgRLhNvJvyDkcw"
"Yarok Fruit","ChIJfVPmWZcQdkgRSYb5pRG5WSM"
"Amor's Take Away","ChIJ0cUgGb4QdkgRzApsZOIkIMw"
"Carmelli Bakeries","ChIJf8WDZ5cQdkgRTcjU2kdNKLE"
"Mahal","ChIJuz30ZLUadkgRZ-5e8c2Jzuc"
"Bird Of Paradise","ChIJSzFKiH8FdkgRdFJTT0ShhmM"
"Red Spice","ChIJF7LiauIadkgR91lM0RcZ9qs"
"Asian Street Food Hawker","ChIJZz1mjfkbdkgRg6aaeT0Ovgw"
"Kolkati Camden market","ChIJVZlHVuEadkgRzofYGsxwXcM"
"KHAAO","ChIJ490zYTwbdkgRn-Nq3Dq5t6g"
"Hijazi Corner","ChIJ--EzDfkbdkgR387BhavQsac"
"Rayyan Restaurant - Arabic Cuisine","ChIJGdXpn7sbdkgRfxxHrAh8cGw"
"Spicy Laass","ChIJzRU1LQAbdkgRNIy3RSPiNh0"
"Indian Food Camden","ChIJC_VNdwAbdkgRoJLHm6kn1Z4"
"BabaBoom Camden","ChIJb-fJFlEbdkgRoqJLk3WNXqM"
"Mildreds Camden","ChIJI99Jb-EadkgRgUmezihm2j4"
"Gupta's - Indian Sweets and Savouries","ChIJV8D0aCYbdkgRuSkK4dcSSWQ"
"Khana Indian Cuisine, Cricklewood","ChIJW355K14QdkgRVkFAglAVeqI"
"Nway Oo Pokhara restaurant","ChIJJ80PfhwRdkgRF9WjMyYbftg"
"Taste of Lahore Cricklewood","ChIJ_Zc1mmAQdkgRFne4EKsGq58"
"Flavours of Spice","ChIJAQDzKl4QdkgRCLwRIIM5P6w"
"Kadiri's","ChIJ451RNVAQdkgR5XFENQGwL3w"
"Bibi Persian Kitchen","ChIJ-dAIs5kRdkgRKY-Q1gTZlkc"
"Bombay Bicycle Chef","ChIJfbbHjyERdkgRaDF3JjGydD8"
"Veva Vegan - West Hampstead","ChIJe5oLk5URdkgRrnaUS6U1lyM"
"Durbar Tandoori","ChIJGwTaAf4PdkgRseEOPbIUGdA"
"Spice Deli","ChIJI0f-15oadkgRhTf0qppRarY"
"Lezziz Charcoal Grill","ChIJO0slnFoQdkgR6TQQw2weocY"
"Holy Cow","ChIJSeUjuG8QdkgRNEHCXTe1zIM"
"Zeytoon Restaurant","ChIJUUykz18QdkgRnjnCwNKmr0I"
"SAAG","ChIJjSi9BwARdkgRWvWKvFNjC-I"
"Curry Express","ChIJs4LuFCkQdkgRWps7rEuUixs"
"Faizan ahmad","ChIJyQzhQqEbdkgRmExK_r8zbu0"
"Kebab Zone","ChIJ1XqSE4YRdkgRErae76au7SE"
"Ox & Gate","ChIJuXyKKP0QdkgRu5DGbCBrqBY"
"Baghdad","ChIJaSdGssURdkgRX6R-iYJOAtI"
"Bhavna Sweet Mart","ChIJl2UISK0RdkgRVJXix0Kw6RE"
"Contemporary Indian Cuisine","ChIJWYJjFXEQdkgRftY39xKtKwM"
"Dera - Authentic Pakistani and Indian Cuisine","ChIJ4UbnItIRdkgR7E-117uvFr4"
"The Maharaja","ChIJAwTpAXoTdkgRRdy9lcYqp8U"
"Cawnpore","ChIJPU3wSHAbdkgRbP8ldtfcPkY"
"Aladin Kebabish","ChIJjXcDex8RdkgRx_wo9afBpvM"
"Dum Biryani","ChIJt9qSlQQRdkgRP-nrGyOBq48"
"Tikka Massala","ChIJLav8dh8RdkgRU0FRw4LHLIU"
"Afghan Marco Polo Restaurant","ChIJWWJkhisRdkgR41EEkvwmR0I"
"Portoberry","ChIJa38V5pARdkgR84KbP4b8pRo"
"Chai Khana","ChIJR2uYRAoRdkgRPO-Et5X5rlc"
"Yuan Cuisine","ChIJnXhBPtAQdkgR3qfrOyN8c4M"
"Chaiiwala","ChIJd3eNYEYRdkgRRm4o6mM30xI"
"Cafe ChiBo","ChIJcQIFKUcRdkgRasvnuu-6ywU"
"Daruma","ChIJWVs_d_kRdkgR0OIc9yYv5Z0"
"Bagels Bar Grill House","ChIJXf7gMH8RdkgR1c_U8WpSWwU"
"Kaifeng Restaurant","ChIJu5Ow388QdkgRv-o7V7xTIVg"
"Chachaji","ChIJASF6TDANdkgR3zrHV-JZDq8"
"Gökyüzü Kentish Town","ChIJSXIFeeEbdkgRb6NZ2I8x6uE"
"E. Mono Restaurant Kentish Town","ChIJiU7jf_0adkgRwKKjgDRhcgY"
"Akash","ChIJf_3OF7AadkgROax2Zxj20DA"
"Banana Tree West Hampstead","ChIJK9YIG3kQdkgRsJy0VXWRd0Q"
"Three Falcons Indian Gastropub","ChIJJx6C8k4bdkgRgRnjKyeYJhc"
"Tikka Nation Edgware Road","ChIJXQvyz6QbdkgReYOvXtrBvWA"
"Delhi Spice Tandoori Norfolk","ChIJJw-X2ncbdkgRQfuSFYr9Wc4"
"The New Inn Pub & Indian Restaurant","ChIJO2-P3b8adkgR--jO60-jGTM"
"Dawat Express - Paddington","ChIJw8GOdAAbdkgRmFlxYvFHGsI"
"Banana Tree Maida Vale","ChIJjY6RMKcadkgR5VWAJPuqjus"
"Lahore Biryani","ChIJL7jcT7EadkgRgRqeo4prWcE"
"Mill Hill Tandoori","ChIJNd0uGGIXdkgRVY2efTRIYo0"
"BAW","ChIJiSeemdwWdkgRzOMX_7Ge7A8"
"Namkeen","ChIJL0fvb68FdkgRuGPyAphSDRw"
"MAHRUKHS KITCHEN AUTHENTIC PARSI CUISINE","ChIJ6WMoeS8XdkgRROdm6D90_sk"
"Sambal Express Colindale","ChIJweZOaDoRdkgR7BCgtUBX9Yg"
"Shan cafe Colindale","ChIJIwgPbZYRdkgRnzPvAmGdxEI"
"The Spice Box","ChIJV_upA_AXdkgR3m1d46V_CG8"
"ITJL Colindale Station","ChIJKYi_TDIRdkgRyIP11kJqPl4"
"Curry Centre","ChIJI77mnKYWdkgRms8A1JwrpTU"
"MALIBU DARBAR","ChIJS2e9racWdkgRFvxCGyc9zns"
"Tathaastu","ChIJ-W-TrqAXdkgRiqRcJgjEZOA"
"ZanziBar","ChIJv1Rlq6cWdkgRrIGSIVM2s0g"
"Himalayan Spices","ChIJ4WAxAMsXdkgRUdhNtDSKEAQ"
"Shah's Halal Food Cricklewood","ChIJHyvHEDoRdkgRJpK1TCXQjkg"
"Trilogy Bar & Restaurant","ChIJy4lSiQ8UdkgRE-gyjUYIdwY"
"Taste of Raj","ChIJYeIGx8cWdkgRGJHWEAKaMEg"
"Royal Foods & Wines","ChIJI5lraToRdkgR96lNguLAuKM"
"Little Resham","ChIJsT6KsxsXdkgRao3FvKXdAP4"
"Moe's Peri Peri Grill","ChIJodGRafwRdkgRIf-bm83LTm0"
"The Beaufort","ChIJgzUM_7sQdkgRZDtXnBjhpzE"
"Premier Inn London Hendon (The Hyde) hotel","ChIJ__8PMTsRdkgRo5alyJADRsg"
"Lahore Tikka Masala","ChIJM4EZgaYWdkgRp9j2dHLT0S0"
"Mayhek","ChIJHa_B6Y8XdkgRXwugmQ4tqKg"
"Fora Restaurant","ChIJOQc9tr0adkgRfYDEqclHpm4"
"MONA'S","ChIJDWV205sbdkgREidue9FCYe8"
"Three Falcons Hotel & Pub","ChIJ04AeTsMbdkgRBwyQ9iClxZs"
"Bombay Spice Marylebone","ChIJufC5nN4bdkgRNcvf2RhDrSw"
"Hoppers Marylebone","ChIJCX3Qw9IadkgR6UOl3O-yvdg"
"Chakra Little Venice","ChIJuTGjsGcbdkgRTamH8X075I8"
"The Duke of York","ChIJrY6UxL0adkgRbr0OBLvvcRE"
"MK’s Kitchen","ChIJzRBzYwARdkgRUW4xBV3-R6k"
"chai & chapati Kingsbury","ChIJW8Yux5MRdkgRtnLcAZ0GwJY"
"Mo:Mo","ChIJu93gvHARdkgRjemKvFMBuUU"
"Carlton Lounge","ChIJB_phzUYRdkgRoDw-j2eFHlQ"
"Bombay Spice Nashta House","ChIJu3PHdlkRdkgREDRP7M8yMCM"
"Bombay Spice Restaurant & Bar","ChIJf26AgFkRdkgRSayf1xcV3NM"
"Lahore Spice","ChIJ48ENoUYRdkgR56ARxVxypIw"
"Riya Pure Veg","ChIJ2QBf-dgRdkgRy2zxz1dKBiU"
"Mirza Biryani","ChIJSS1UADERdkgRKkk9ZXtTr-A"
"Hot Spott","ChIJB-khbLMRdkgRes6sZ141XXw"
"Gujju Dhaba Express (Kingsbury)","ChIJzYuuhfYRdkgRp8j_aPImw4M"
"Sakonis","ChIJeavvTf8RdkgR7GT_I4sDrMU"
"Club Marina","ChIJk2nvuUYRdkgRhze3oXUOibk"
"Chilli Masala kingsbury","ChIJ_cnmH0QRdkgRyTx7b9zZndo"
"Tigerbay Shisha Lounge","ChIJ47T60UYRdkgRhc8-JZ7nsMU"
"The Regency Club","ChIJR31rDf4TdkgReqSl6j2Gfes"
"Saravanaa Bhavan (Kenton)","ChIJmSvcgHwTdkgRp-B2r2si-kk"
"Chaiiwala","ChIJ6enKEqkRdkgRRxMZFmJYlL0"
"Delight Food & wine","ChIJQ2D7bVkRdkgRWlaZafSQE30"
"Cannons Tandoori","ChIJTTddiQ8UdkgRDbXPn1A3N9E"
"Aroma Lounge","ChIJ79jCkcsTdkgR575ffWIFofI"
"Masalchi by Atul Kochhar","ChIJyZu9atsRdkgRcxoK0u6dTsE"
"Sugar & Spice Lounge","ChIJr_hOcv4TdkgRBm9FeYaSFqg"
"Deja-Vu @ 182 - Indian Restaurant in Wembley","ChIJnTwODvYTdkgRLxmnbsYwcsc"
"Blue Ginger Bar and Restaurant","ChIJWzf4FO0TdkgRP3UWfgEzOIQ"
"The Tahdig Restaurant","ChIJoYeC6EYXdkgRi9Z4NARpg7Y"
"Vaghaar","ChIJx0yvC4ATdkgRVVHEGFQlsDQ"
"Lahore Flavours","ChIJ5wPw_X0RdkgRLmxnT6oxM20"
"The Nest","ChIJ8fv1VjkTdkgRrryVLZRUuoU"
"Purple Flame","ChIJ8bpjgPcTdkgRmcgwW33NQog"
"Meera's Bar & Restaurant","ChIJGzQgPv4TdkgRdBdWRcjjVXY"
"Club 182","ChIJjS_uK9sTdkgR2_yQg6JTdQI"
"Bnova Indian Restaurant and Bar","ChIJk1pyhA4UdkgREnOzgizwohA"
"Bang Bang Oriental Foodhall","ChIJVVVV4kkRdkgRT9CUiFicvTc"
"Tiger Bay International","ChIJSTRJhDsRdkgRkEg2CAEXrZY"
"Annapurna Panipuri","ChIJuaFxjf8TdkgRjP9KqABl2K4"
"BOXED BITES","ChIJyW8xIQsRdkgRZx3bET1Teog"
"Pooja Sweets & Savouries","ChIJd30EzUYRdkgRlPh7NWUjVlc"
"Pani Puri","ChIJC3ED3owRdkgRoExBwmlHby8"
"Biryani Box","ChIJFe0YFAARdkgRb8NN84vkgz0"
"Boulevard Club","ChIJQwJ1fokTdkgRxgywQryssz0"
"Swadisht Restaurant","ChIJKxzxyd4RdkgRsewfyAzvrHM"
"Dosa Express","ChIJcYj9RiETdkgR47AQSMwayZM"
"Delhi Live Romford","ChIJ2ZJ8CMuk2EcRQMwRZIjvu8Y"
"Desiflamess Indian street food","ChIJlU3c9N-l2EcR0UtLbv8kTPw"
"Kenza Indian","ChIJtS-JtGyj2EcRk9aaHJUdd2E"
"Sutra Pan Indian","ChIJD5oVVnm72EcRDOKvxOiTB80"
"DESHI","ChIJKQJMcZS72EcRPxQ6KLYCud8"
"Zaafran Indian Cuisine","ChIJlQyJFUW72EcRO5TYcGj7Ohc"
"Bekash Restaurant & Take Away","ChIJ8_SiGMuk2EcRqQ7SQyczPnM"
"Aroma Indian Restaurant","ChIJUQlGFMik2EcRB0TrifmRQ-Y"
"Asia Spice","ChIJ-9-pD8uk2EcRpMdRCvOMpWs"
"Light of India","ChIJu_41yyGl2EcRYVKiD2wXlbc"
"Indian Ocean","ChIJlxCUadCk2EcRVf_8PXO1E7I"
"Tahsins Taste of Bengal","ChIJYWAnxaCl2EcRWIyoVTIJO_w"
"Razza","ChIJCYAvPUW72EcR89c-gN_vdek"
"Saffron","ChIJ7Rbxctuk2EcRExF27iURR3w"
"Varanasi Chefs","ChIJnVgBsp0FdkgRBYe2J4OGQkM"
"Darjeeling Tandoori","ChIJk5PvFiml2EcRsStTBKlPb9Y"
"Raj of India Romford","ChIJZw8tKp6k2EcRaMQhPOjkM7c"
"Spice Hut Romford","ChIJy43VQqml2EcR8XMiMHppNIQ"
"Paradise Romford","ChIJE8Ku3bml2EcRf6mLn3Crj1I"
"Gup Shup - Chit Chat Chai","ChIJQWDBwI-j2EcRTzmqt4wdxr0"
"Neyzen Restaurant and Pods","ChIJV3ukjDel2EcR7UT654FzkBE"
"Naan Staap","ChIJQZg0XKKl2EcRg79gR7eoe5c"
"Top Curry","ChIJO7T_mma72EcRlBsskC6VPjA"
"Cloves Indian","ChIJyYEs9pWk2EcRyNGUM722EZQ"
"Chennai Mirchi","ChIJFyipAnW92EcR6ixZZtHhh7s"
"Jasmin","ChIJgeeqEH-72EcREYHZ0AKQgx4"
"Ginger Spice","ChIJi-ijXj-72EcRBGsblB-TEBc"
"The Clove Hornchurch","ChIJT91BPgC72EcRQaNitV_SuqI"
"New Raj Bilash","ChIJqz3KmJ282EcRX_P7WMP4atU"
"Radhuni","ChIJkR8NY0W72EcRxKS167bzQ6U"
"Spice Club","ChIJx4vdYY-72EcR_K-R1lCsXvE"
"Chef Asia","ChIJg7Lr0sel2EcR7tmfuWenQ_I"
"The Fat Indian Takeaway","ChIJTxVHesi92EcRdjSTDKIr37A"
"Chillies","ChIJK-eu60a72EcRIDilGh2KzjY"
"ROYAL INDIAN TAKE AWAY ROMFORD RM3 0AP","ChIJgYKhLWS72EcR3bZTOrkyTU0"
"Mumbai Maska","ChIJe5eR5NAfdkgRRn_Ll1jTd1o"
"The Vindaloo","ChIJZQAdOlij2EcRFaly9YAM-wE"
"Rice N Spice, Romford","ChIJ1SSg18ek2EcR0MfNttChAT8"
"Passage to India","ChIJH3w6fQC72EcRPhAdEQPYQ-8"
"Noor Restaurant (Hornchurch)","ChIJs3JhWRy72EcRiO3eg6odVa4"
"Tandoori Lounge","ChIJb_VEmhy72EcRfjj3XdKE4jM"
"7even Caribbean Restaurant and bar","ChIJ_cMcDvak2EcR6lNw0qpIVsI"
"Minoa Restaurant","ChIJa28B8g-l2EcRiHBes_5l_dM"
"Veyso's Romford Restaurant","ChIJebkJPWCj2EcRdpy_hxDBo0c"
"Mustard Indian Kitchen","ChIJgy7kvBy72EcR0I37g0xZTzY"
"Cardamons","ChIJk287pyW72EcRzQ5F69edd94"
"Clay Oven","ChIJxTgUWfmk2EcROnTW5PVoI2M"
"Flippin Grill","ChIJNwHtNYu72EcRjAt6vzYaNJo"
"Taste Of Bengal","ChIJL1V-uxy72EcRql01UNGRu_w"
"Uraswamy's Indian Hornchurch","ChIJjZG0xBi72EcR_OxqceBXKFs"
"Blue Orchid","ChIJ-9WKCrek2EcRwUH2gY3jas4"
"Manzil Tandoori","ChIJtflTkZ2k2EcR-ZdRxJoffdI"
"Emerson Dhaba","ChIJA8ejsm-72EcRQgeZpIJKB0M"
"Zarana","ChIJW2bRIxm72EcRbST-0wXFgQo"
"Rush Green Balti","ChIJj25Jktqk2EcRCI38Uf669_M"
"Nondi Pur Indian Kitchen","ChIJj8HI40il2EcRQKH4NDf_Im8"
"Auntie's Chai Khana","ChIJPZ3hvwul2EcRp19Wa6Vqjos"
"Asli Butt Karahi","ChIJMzqdsPWl2EcRxU3_3ZcRVd4"
"Sanjha Chulha","ChIJWW4yiDak2EcRmhHBsrkIvhI"
"Royal Bengal Indian Restaurant","ChIJPcgMzg6l2EcRj_pg6NMiEwc"
"The Balti Cottage","ChIJnWpXi3Ol2EcRPDqdtS9ASnQ"
"Curry Mahal Tandoori","ChIJ0YBdbHSl2EcRLgRPGTH3r6A"
"Britannia Indian Cuisine Snacks & Sweets","ChIJScrB9bSl2EcRjb0FxPMrdT4"
"Calicut Biriyani Centre Dagenham","ChIJ7SRfXQCn2EcRmYMG_q2bkDw"
"AMIRAJ CATERERS (Indian Tiffin Service)","ChIJwxVlk_EbuigRUd_-fCXPOFo"
"Palwan Da Dera","ChIJ0dZ9I0yk2EcR0pE8sCHyE3Y"
"Mosalla Hut (Dagenham)","ChIJH41ZiQyl2EcR2FbUmq_36zM"
"Indian Tandoori Takeaway","ChIJAflrDj6l2EcRoYi6p319dH0"
"Taj Mahal Indian Takeaway","ChIJnyJxHG2l2EcR_EHo9RMF9_8"
"JALSA LONDON","ChIJkScxYEmk2EcRLaJEJs5aXWg"
"Jalsa","ChIJI8DVC7il2EcRrwIz2zPcR5U"
"Eastern Paradise","ChIJB1FjBeCl2EcRyCzzf3t-Bwg"
"Rotiwala","ChIJ-1dfym6l2EcRkfH0YazkNRA"
"My Desi Haveli [Tiffin Service]","ChIJezrIgmSl2EcRhpgitCd1BnE"
"Bengal Spice","ChIJscfZRVCl2EcRG7qOMDkKa6k"
"Shirin Mahal Sweets & Bakers","ChIJQRe0Xtal2EcR7Faq6LCN33Y"
"Khyber Grill","ChIJBy5FWGMjdkgRmNjeHC3zL0M"
"Desi Mantra","ChIJZ4Qvnpyl2EcRhVSmW1I7ELQ"
"Dimple’s Best Doner & Fish","ChIJIXs1UUSl2EcRYD6LXbKvleI"
"Indiana Curry & Grill","ChIJ2bcEz-el2EcRtcin3p4lfCs"
"Ammar Khani","ChIJdcFCfUCl2EcR1Y8MANM8638"
"The Matapan","ChIJ3UynRP-k2EcRxbOmye8FcXg"
"Taj Restaurant","ChIJMS8YqdC62EcROW2GivoHSDg"
"Grill Villa","ChIJR6OmbMGl2EcR-NDE0bqhGZY"
"Spice Hut Chadwell Heath","ChIJh-Nmbxul2EcRSf60fhBY_rk"
"Paprika","ChIJX4Uqcu8ZdkgRyZ5B-UU2rJQ"
"Chicken Chillz","ChIJyZhFLXul2EcRhiz1bZdUnWU"
"indo-grill","ChIJz19kUlCl2EcR4gP3TUpQBvA"
"Mirravale Events & Catering","ChIJb0BEFNul2EcRs0eOp1-_1fs"
"Kebabish","ChIJt9D8ZEmk2EcRHmpVbZQq2jQ"
"Premier Inn London Dagenham hotel","ChIJp1t__G6l2EcR0e3lX2oGko4"
"Ghani Food & Spices","ChIJISKOKZCl2EcRcl6n8zBeAYY"
"The Spice garden Restaurant & Take Away","ChIJWalznJW72EcRZoCIyXggkF8"
"The Raj of India","ChIJ8yM65Kq72EcRPw8z7GPt438"
"Uraswamy's","ChIJZT2LgNq62EcREEHDcaRznag"
"CLAYPOT","ChIJLz6WrSm72EcREV9shdEYpFY"
"Little India","ChIJpUUcg6q72EcRKLAGu4VRD80"
"Panghat - Gujarati Rasoi Ghar","ChIJxY1XpeSl2EcRYvIpCGFR_T4"
"Reina Meze Grill","ChIJU7mIeXi72EcRI_iUzvDLkVc"
"Gausia Restaurant and Takeaway","ChIJ-QmK4um72EcRm3hiTv1cbbw"
"Thai Orchid Thai Bangla Restaurat","ChIJgbD4XH-72EcRNNeeIKrXTJE"
"Ginger Lounge","ChIJLYPq9k262EcR0HNwjKVLmfs"
"Masala Grill","ChIJz6ay1ky62EcRqFx-FtDt69Q"
"Frenchos","ChIJ-5X0ChG72EcRgy3kkaDMcNk"
"GOAT Restaurant","ChIJWaHJiNq72EcROkmuRPPqXCs"
"Spice of India","ChIJ7doGL8y72EcRQtoVvbAR8Z8"
"Chilli Tree","ChIJUWNtG7O62EcR7TjAkHGCh3Q"
"Mio Yatai","ChIJ48XweBq72EcR2AOZh7uoeVA"
"Le Hope Balti House, Rainham","ChIJpwa1pqu62EcRsviv2UWCyzA"
"Kaani Kaana - Bangladeshi and Indian Takeaway in Upminster","ChIJE7-kcxW72EcRFwH_PM4M_S0"
"Tiffin Kitchen","ChIJGeOSdsS72EcR6HXMErfeuq0"
"Shish Meze","ChIJ9cn67RC72EcRKjxAui9qzr0"
"Sortie Grill & Bar","ChIJ25k7uOO72EcRz02m63vFnqU"
"Village Indian Dining","ChIJITTHUw672EcRJ31NPjd-kwg"
"Blue bengal","ChIJ9RAtny-72EcRnz7gvEkZGaA"
"Kushoom Bugh","ChIJLeZsyEy62EcR2Ifln5mrNis"
"Riennas Restaurant","ChIJkzi6uxy72EcRs36hzcXO3eY"
"Habib's Indian Takeaway","ChIJNeh4uqm62EcRC9d7JNKVrsI"
"MIAHS","ChIJ-7B8xra72EcR3IGzMH8drFw"
"2 Spice Indian Takeaway","ChIJR0PSGrO72EcRUtEiNL0BbaA"
"Kaalika Indian Restaurant","ChIJGbGexDQPdkgRHPM66faUWAU"
"Black Salt Sheen","ChIJb4rWR6kPdkgRKUk2SL1WQ_o"
"Lal Bagh Indian Restaurant, East Sheen","ChIJne-UHIUOdkgROWl2z1FhjyA"
"Rosona Spice","ChIJ1xsQxQIPdkgRD0kfaqNzwSk"
"Annapurna Nepalese Restaurant","ChIJL-1hDoMOdkgRnP02yiYQ-oQ"
"Richmond spice Indian Bar & Restaurant","ChIJt3Fd1J0NdkgRjFb_cXSu0TY"
"A Craver’s Box","ChIJn6HqDrgPdkgRkznJVkUvFok"
"CILANTRO - PUTNEY(Healthy Indian Restaurant)","ChIJUVbyi9cPdkgRhlJ8corA-AY"
"Holy Cow Fine Indian Food","ChIJM_hAhKkPdkgRaE7hJIQrV3E"
"Masala Odyssey","ChIJm4CSJ4MPdkgRaF_30jVbZ-E"
"Rasoi Indian Kitchen","ChIJleEQKAAPdkgRCJZT-28Cbe4"
"RAAZ Modern Indian","ChIJjRY6SbkPdkgRq7eHq2ck6Bo"
"JMJ INDIAN FLAVOURS","ChIJt3NfVhMPdkgRIBWcNcGdscA"
"Yogi's Kensington | Indian Dining & Cocktail Bar | Kensington","ChIJ37wNJA8PdkgRM7cSt5flC7c"
"Fulham Indian Restaurant and Bar","ChIJhe07Se8PdkgRof1S1keI1w8"
"Chook Chook","ChIJs7l0YywPdkgRd_ouGtzggY4"
"RAJAH ROWING (INDIAN PUTNEY KITCHEN)","ChIJRVej_eQPdkgR9OI0Z2blLEM"
"NILGIRI EXPRESS","ChIJJwoXrmsPdkgRnnO4IfVzv0A"
"Colombo Kitchen Putney - Hopper and Kottu Bar","ChIJq6qnxREPdkgRZcsbRLs90y8"
"Munal Tandoori","ChIJOzkV9PwOdkgRK31yUGDxvSs"
"Pure Indian cooking (PIC)","ChIJW6oCiBEPdkgRNiV0pMI_xs8"
"Indian Express","ChIJbdppBZQPdkgR4pOxk8F-XuE"
"The Warwick Arms","ChIJ7RIA5-wPdkgRyTI5nZe955w"
"Akash Indian Takeaway","ChIJJTOv3EIPdkgREb8HNmvRlKM"
"Beyzade Turkish Kitchen","ChIJJ2IUjvkPdkgRSoqxXczLnOI"
"The Chutney","ChIJn8R4mIkFdkgRpXMsMynw9iA"
"Elā & Dhanī","ChIJs-Af01UOdkgRNcjHYH70fnM"
"Paratha Inn (Streatham)","ChIJIxfFlXUFdkgR4qNTPyJWMBE"
"Balham Social","ChIJZbfHf7sFdkgR6DW2wxcWs50"
"Curry House","ChIJqz80MQAFdkgRSDOrrQ68670"
"Royal Mahal Tooting","ChIJpSLmJFEFdkgRD1xSffpzmdI"
"Taj Mahal","ChIJYWwRsSUEdkgRUzNAHdFxm84"
"Indian Room","ChIJlyqLrs8FdkgRkzR0DP4P1K8"
"Dhoompan","ChIJB41d56QFdkgRx7iaYFTSe9E"
"Heritage Dulwich","ChIJRTWxcOEFdkgRTBPwg7j9bHs"
"Biryani Waala","ChIJWz8WVAAFdkgRjgcZMR1XpbI"
"Momoste","ChIJ7UDsNpwHdkgRyIQwl0ZPjDs"
"Chaat Gali - Pakistani & Indian Street Food","ChIJVej8q-kFdkgRLXd-qTHwl-c"
"Indian Fusion Kitchen","ChIJY63ngicFdkgRESZM0TQh8uM"
"Bombay Kitchen","ChIJke8apWgEdkgRtyexceWbqlc"
"Anjappar Indian Chettinad Restaurant, Wimbledon","ChIJoWrXWQAFdkgRebj79nGEb2E"
"Xo-Tikka","ChIJD2z1eJYHdkgRFugnesfKOdw"
"Gurkha's Balham","ChIJU86x0doFdkgRYmWvZp4ECHs"
"Namak Mandi","ChIJ_eL3i94FdkgRxXt7vpdq3SM"
"Hyderabad House Multi Cuisine Restaurant","ChIJsQNEIAkHdkgRb7UZseJB_7c"
"Bombay Bicycle Chef","ChIJyWjlaTAFdkgRJdjk2Aw3ao8"
"Lahore Karahi","ChIJX4MsyycHdkgRkZmSzmJIkFs"
"Ahlam Indian Restaurant","ChIJQ92AlkYHdkgRmgpqi3SdUwo"
"Monkey Leaf Restaurant","ChIJZ8jImLcFdkgRAaJiQSrPB60"
"Royal Mahal Norbury","ChIJYTQmah8HdkgR-2zR-c5_wqM"
"Kolam","ChIJZc9qON4FdkgR6KWZQYyUYOA"
"Mirch Masala Tooting","ChIJbX5voQoGdkgR-fFVBF8VbqU"
"Indian Ocean","ChIJfbrN--gFdkgRH1iFrBWiaYM"
"Densu - Afro Fusion","ChIJ68lQy04FdkgRhB_eh6yj6SU"
"Watan Restaurant Tooting","ChIJ5313OIUFdkgRvwfrHb51zEw"
"Vijaya Krishna","ChIJLX7yqAwGdkgRoq_rC-GM1e8"
"Dawat Tooting","ChIJM6EZG-AFdkgRk-hPDCSsTlw"
"Zaika - Taste of Punjab","ChIJH0fLonYHdkgRVfWb8X3SQ18"
"Nazmin's Indian Restaurant Earlsfield","ChIJbbHIBfgFdkgR8uIRALgUHnw"
"Indian Moment","ChIJq_113pcFdkgRRAQa4feSPAw"
"Papadom on the Hill","ChIJ0xh4pgIEdkgR6rBgJgFHVhs"
"Malabaarii Restaurant Tooting","ChIJs7xijhoHdkgRXXpLyniOPow"
"Chatkhara Tooting","ChIJt3ehkd4FdkgRATYkTre1HNU"
"Naan Staap","ChIJczntVr4HdkgRdcpFoUO71sg"
"Pepe's","ChIJG2Q7XgAFdkgRbpupMGy11zE"
"Jaffna House Restaurant","ChIJAf2c4AsGdkgRUMFbf8eppPw"
"Brixton Curry Delight","ChIJqWbpMnUFdkgRUPAK4mzQPmw"
"Aroma Tandoori Indian Takeaway","ChIJgS4CQoUGdkgRuc9Ct6KQh38"
"Arya Bhavan Tooting","ChIJJUDCkQoGdkgRdtAX3p5OfW0"
"TAABIIR","ChIJXWajrT4HdkgR1yj8tp9Swxw"
"Radha Krishna Bhavan","ChIJKXGQ3QsGdkgRjg53hA3qx4c"
"Spice Lounge Bar & Restaurant","ChIJw3C-o5EGdkgR2W5NUf1bOE4"
"Dhamaka Bites","ChIJZa7MXqgHdkgRzU3Qy7WGj1g"
"Al Mirage","ChIJ13HKpgoGdkgRbcMecPgsVyM"
"Dawat Restaurant Norbury","ChIJzcR3BysHdkgRQqkc0lvLqq4"
"Fish Wala Tooting","ChIJEWB2lOYFdkgRg7BBaAiZ6Iw"
"Karachi Cuisine","ChIJhYRfFugGdkgR_vX4KnkcZkI"
"S&L Cuisine","ChIJAQAceicEdkgRLWx4LmfZ51k"
"Nando's Streatham","ChIJmSLaB5AGdkgR43AI-7XFSa4"
"Bombay Inn","ChIJZ_AqsQsFdkgRhxo16trQlu0"
"Cardamom Club","ChIJ4Upend4FdkgRypYzLqMvoic"
"Dosa n Chutney","ChIJjyzexQsGdkgRkHiu2qkuL28"
"Holy Cow - Fine Indian Food","ChIJ6XDCPEsEdkgRD2C5Dh82WXI"
"Masala Dabba","ChIJ56GsAAAFdkgRBx0gBSx1ZNk"
"Hung's Chinese","ChIJk3qSq4IGdkgRqItMjSvdC-s"
"Rowan Tandoori","ChIJkVlNBGAGdkgRHeLVexRKHu0"
"Tiffinsvala","ChIJVVFY55IFdkgRGmLW8jcyrlE"
"Kathmandu Valley Takeaway, Balham","ChIJe4pa2ZwFdkgRYG-B_v_Tygo"
"Chaiiwala","ChIJ9X6o-jcFdkgRx45bGQd8kBg"
"Clapham Curry Delight","ChIJx6aLwdEFdkgRcHAcMxCwVqQ"
"Tandoori Streatham","ChIJ85QolXAHdkgR_yW0CAHLcFA"
"KOTHU SRILANKAN RESTAURANT & BAR - Tooting","ChIJ59dehFsHdkgRgqMF7iveQG8"
"Tula Indian Food","ChIJ4Vcy1dAFdkgRnmv_FHMb74M"
"Rung Mahal","ChIJbYMe2YoHdkgRhrVRHuHho8E"
"Shree Krishna Vada Pav (SKVP) - Tooting","ChIJW46zCv0HdkgR-LEG3nbarq8"
"Himalayan Salt Indian cuisine","ChIJL7etvZgFdkgR_qfjtPHL3u4"
"Blossom By Khans","ChIJJ1FreaMFdkgRh1_zctrLRVY"
"Rice Base","ChIJiR2XJ-8HdkgRypSIdK7ATio"
"Palace Spice","ChIJCWokfaQFdkgRoQXEjWGz-yg"
"Spice of Raj","ChIJyZJ0WBoGdkgR6zceSbSpwPs"
"Chai Pani & Biryani","ChIJ--9IfQAHdkgRDip35XIWQGM"
"Curry Leaf","ChIJixknh90FdkgRwhifin10bgI"
"Samrat","ChIJ9_qcgHIGdkgRsJsOETKesfk"
"Old Town Tandoori Indian Restaurant and Takeaway","ChIJ9yoxgBQFdkgRrYyIrsAalOc"
"Old Town Indian Restaurant","ChIJv7ljkKwFdkgRkT8NwgRI3Sk"
"The real bombay food","ChIJpWaxcFUHdkgRd12_0EFGLfo"
"Apollo Banana Leaf","ChIJm8Ic5w4GdkgRW2QQEgvkoKU"
"Chakra Indian Cuisine","ChIJBWFjnlUPdkgRMAy1_il_Ag8"
"Dishoom Battersea","ChIJGzea8_gFdkgRExlwW5PMpsg"
"Battersea Rickshaw","ChIJ37ukkHcFdkgRxSNBm4vhVrY"
"Mumbai Delight","ChIJa_WX7fEEdkgRnP3nqFui78w"
"Lady Buddha","ChIJm03dul8PdkgRl2TMDkaHlrY"
"Akash","ChIJeyNpaJYFdkgRYFn0rmBq8RU"
"Shahi Zaika Pakistani and Indian takeaway","ChIJa6yqIy4PdkgRe6mq8mtJCBo"
"Chapter 2 by The Biryani Centre","ChIJMdlZRwAPdkgRAUB7h3x9hoU"
"Tamila","ChIJXU5VdfcFdkgR4IKuTRWUFmo"
"Ô Gourmet Libanais","ChIJM9hBy4cFdkgRQy9wauplMzI"
"Kamasutra Indian Restaurant","ChIJOwGQfjMPdkgR7kMW0wY29vg"
"Exotikka of India","ChIJWQPPuHsFdkgR5AVhW3G1q_I"
"The Guru","ChIJs3k7oGcPdkgRK6UWf7tVRsA"
"Battersea Spice","ChIJpzOuGR0FdkgRXH3MRVPAKyM"
"Bombay Bicycle Chef","ChIJTXSzM68FdkgRAImmXGl8lYE"
"Thali","ChIJ_1ExH2EFdkgR_aMqu0zOQ3A"
"The Old Sergeant Pub","ChIJOb3Kp18PdkgR9gXrnZwdXPU"
"Holy Cow","ChIJ_SBGCX4FdkgRozUXgI2D5p0"
"Indi-go Rasoi Westfield White City","ChIJm763adoPdkgRZpA_urEDm_Y"
"Sagar South Indian Vegetarian Restaurant . Hammersmith","ChIJv0wfa7UPdkgRAdCl0WE5TQo"
"The Jaipur","ChIJdcsmW1APdkgRI0tJiGzhqY0"
"Bengal Bistro","ChIJgcA9ubQPdkgRnCZQMZ88pdc"
"Dalchini","ChIJQ1SiClIPdkgR4M0-jqEtJPs"
"Diba Persian Restaurant (Wimbledon)","ChIJz-X_YroIdkgRFLtE7WNOR0w"
"Dancing Elephant","ChIJbfH2mFYPdkgRwca1DGLpXuo"
"Jaffna Kitchen","ChIJT3uhdiUPdkgRmEZ7uz-jFX8"
"Rajdoot Tandoori Restaurant","ChIJpc2rIMwIdkgRxu9owxeZh6w"
"Wimbledon Tandoori","ChIJF6NoKs8IdkgR5NZ_sS8Vi0E"
"Wimbledon Tandoori","ChIJZUKRbZUJdkgRruAFyYS048Q"
"Sai Restaurant","ChIJ0ZKe4d0IdkgRyB8qdhugITY"
"Indian Express","ChIJ2Z7nfv4FdkgRfWgQXVGGNxg"
"Colliers Wood Tandoori","ChIJJUkm-g8GdkgRosaEbV7w0Vs"
"The House of Spice","ChIJwykaa8IIdkgRWxWVxUs83_8"
"Watch Me","ChIJ_fof-6EIdkgRtrwVpMMIRqU"
"Rajah Rowing Team","ChIJo8YsJtsFdkgRGaX2MICKM6U"
"Suvai Aruvi","ChIJv7PCsRoGdkgRLXnWi-Dz7fE"
"Mr. Tandoor","ChIJZ7MwewAFdkgRxntpaRmUwbg"
"Victoria spice","ChIJSzSOCwAFdkgRrTG5oC53wKY"
"Kitchen India","ChIJc_eNLQAFdkgR-xkJ_mvFTDo"
"Bindas Eatery","ChIJs2XwkKcFdkgRs7YbxDxzs8k"
"Amaya Grill and Bar","ChIJp_GF9TsFdkgR-LPVooRUYyE"
"Indian Street food co","ChIJGRJLEo4FdkgRRM20AGJCXV0"
"Gunpowder Soho","ChIJuX4D6CsFdkgRW_3M3G_rwHY"
"The Curry Room","ChIJQcrb2yAFdkgRDzbB5nWx2o4"
"Sagar South Indian Vegetarian Restaurant . Covent Garden","ChIJgcGrAcsEdkgRL0s0o0r9ZfA"
"Peri Fellas","ChIJ5Ycr3FYFdkgRYw1gEPmflUU"
"Pukka Bar","ChIJm-zKl9cEdkgRroP4fTd3hi0"
"BKC - Biryani Kebab Chai - Soho","ChIJUZcLl9IEdkgRDN2LfxpoNDM"
"Kanishka by Atul Kochhar","ChIJ3fvX0jwFdkgR4zfyvSGfZco"
"East India Club","ChIJlQlo39YEdkgRsev5YsuZgZA"
"Soho Wala","ChIJE8dnN7MFdkgR3ppuO-MDL4M"
"Salloos","ChIJk8aTSjoFdkgRL5VQKVye6aU"
"Sagar South Indian Vegetarian Restaurant . Leicester Square","ChIJe-llZuAFdkgR3oiB57zrimE"
"Kolamba Soho - Sri Lankan Restaurant","ChIJ14K4vEwFdkgRwHRnJj1T8aU"
"Kolkati Seven Dials","ChIJ4fahAQAFdkgRxsfiTxyC2Vo"
"Borough MARKET","ChIJcQ-6AAAFdkgRbDuFu5GdTEg"
"Biryani guys","ChIJ65t_QAAFdkgRf4ZnzmevAjI"
"Th@51 Restaurant and Bar","ChIJ-y98NTMFdkgRQDy1BedcBZM"
"Modern Indian","ChIJcconfAAFdkgRD1hcO4PoaA8"
"Hungama Indian Street Food","ChIJqRRRk9UFdkgRCO7lejEKHnM"
"Lovage Restaurant","ChIJU1BM8fYFdkgReN4QBJMBEzM"
"Millbank Spice","ChIJ9wDu8-YEdkgR5usybrg742I"
"Pimlico Tandoori Indian Restaurant","ChIJS-5yZOEEdkgRRFM_9hPaKoY"
"Hoppers Soho","ChIJr0tb59IEdkgRv-YdFGtD1CA"
"Cyprus Mangal","ChIJM96KJuAEdkgRpVnz86I3DWg"
"Kazan Restaurant","ChIJyVvsH-AEdkgRGcXLKqKrmJA"
"SKVP - Vauxhall","ChIJSfC5UJsFdkgRk8uqfh2UW2w"
"Cinnamon Kitchen","ChIJjbbbrAQFdkgRyahaOjaQY9c"
"The Coriander","ChIJuYgA--wEdkgRsMFlMdkDoQI"
"Salt Whisky Bar and Dining Room","ChIJEYT_iUoFdkgRgI-CgfytbN0"
"The Shakespeare & Platform 22","ChIJqUpTpyEFdkgR8PKOSuUoYu4"
"Browns Victoria","ChIJi6_AZt8EdkgRaMDEiC257c0"
"Palm Asia","ChIJm-OIJ9IEdkgRthoIXejIIS8"
"The Thames Indian Restaurant","ChIJ99Ux-bkEdkgRnAZoYfwJsew"
"Gandhi's","ChIJGYpNXJEEdkgR6MqYnAPCR0s"
"Dabba Cartel","ChIJvYgwcNoFdkgRueZM1N2-4MQ"
"Indian Dining","ChIJ443-ooYEdkgRbmdD1czVA3c"
"Dhaba","ChIJVWodTwgFdkgRsMBMTpa_7oc"
"Kennington Tandoori","ChIJGYpNXJEEdkgRVOh4tcGRnEM"
"MetroPot Blackfriars","ChIJgxLBQa0EdkgRaNNKA-6JRL4"
"Shaheen Tandoori Restaurant","ChIJFVcIW7sEdkgRQuGsmcj9U_8"
"Light Of India","ChIJiWR-bV4FdkgRk3sIV5h5qc4"
"Paimbha Indian restaurant","ChIJU_VgJQAFdkgRK5zBdVvxNn0"
"Chaiiwala","ChIJhQS0yEAFdkgRps-cU_fMLJA"
"Indian City - Best Authentic Indian In St Pauls","ChIJZbPtQ60EdkgR6FbDgv0_Rz4"
"Spice of India","ChIJAbiuXsAFdkgRT-Hg1dfIAeY"
"Bebs Kitchen","ChIJrch6eZ0FdkgRB4b7iTcVkNM"
"Khan's of Brixton (Brixton)","ChIJwzZpo2sEdkgRKvYBNtOcYJ8"
"Curry Paradise Brixton","ChIJh6bTsUEEdkgREMjcBccmwHQ"
"Kricket Brixton","ChIJ_SfYoLwFdkgRf5a6yItmOU0"
"Booma","ChIJxbjPv2EEdkgR4GvP_3ims9A"
"Curry On Naanstop","ChIJ8-9qDNa32EcRdHXlwK-qFi4"
"Danclair's Kitchen","ChIJpSpJuOkFdkgRTNgWzwAio6s"
"Blessed West Indian Takeaway","ChIJzXyNv3sEdkgRQRwejVD1Wo0"
"Zest Of India","ChIJdXkM_K4FdkgR8aShV0JWlU0"
"BaBa G's Brixton","ChIJI3lI-LAcdkgRHMbW_XzEwXU"
"Indian Food Truck","ChIJxcVp-xYFdkgROVBEhS6lugE"
"Bombay Kitchen","ChIJM8r9pGgEdkgRZU5-EOOFvGQ"
"Afghan Kitchen Brixton","ChIJZZKhq34FdkgRO4z_QKOlG7M"
"Rufies","ChIJWQIwYlAEdkgRbzeFJa7iR7s"
"Maharani Indian Restaurant","ChIJc0JmAVIEdkgRIdI-kacqIy0"
"Flava Pepper","ChIJy_Vg0uMFdkgRW2A3Jvv3ORM"
"Rajah Rowing","ChIJAdoDSUUFdkgRPIW-WDzmXVg"
"Katakata","ChIJM58NjUAEdkgRkr40K7lxQQ0"
"The Laundry - Restaurant Brixton","ChIJ4XvJ6ccFdkgRCT8xJ-qMFqk"
"En Root @ The Ritzy","ChIJ2fjQVPIFdkgROVnPjLAE0ME"
"Ceylon Rocks","ChIJEzyQci0FdkgRNIE8IFqo3H0"
"Khans","ChIJ_dTdeKMFdkgR-BKGBvDPD5U"
"Naughty Piglets","ChIJNxSsvGsEdkgRf3_4y_4ajzc"
"Capital Flames Brixton","ChIJwTMrIAcFdkgROmYbllO-4F8"
"Pipoca Vegan","ChIJ3Vra4b4FdkgRbDGo1arhI5E"
"KaoSarn London","ChIJa5oc12cEdkgR6C3PRAuuoYQ"
"Hope & Anchor","ChIJXfsWY0QEdkgRpuATOYzfRyU"
"Chit Chaat Chai","ChIJkRcoy3EFdkgRJkcc3f7e1Sw"
"Railway Kitchen - Clapham","ChIJR5Zi3m4FdkgRqquBEYp5Lws"
"Tirak","ChIJCbpNCAAFdkgRoe1rOYGhBQ8"
"Atcha - Battersea","ChIJM_4hAu0FdkgRD1f4JnVL-qA"
"Big Chef Chinese Takeaway","ChIJ0zSCh0QEdkgRAeiLP-OF074"
"Little Ochi Seafood Restaurant","ChIJXW7KwHIEdkgRsG9eE-7AqL4"
"Pop Brixton","ChIJLTXBQGYEdkgRSQCCdD1ed4A"
"Indian Panorama - Chelsea","ChIJfXh4jwgFdkgRP3eW3_0EQso"
"chai & chapati Knightsbridge","ChIJt6weRwAFdkgRnh6Y8n0ATpw"
"Taste of Lahore","ChIJw_Rp-eYFdkgRtDbEI_PWNjc"
"Diba Persian Restaurant (Chelsea)","ChIJrVqUjhMFdkgRPWs7q-vzMtM"
"The Ivy Asia Chelsea","ChIJySy3o2MFdkgRrkVexMIkbzk"
"The Mantl","ChIJ53D3yEAFdkgRVnlGzBtMI-k"
"En Root Clapham","ChIJ53uDd0wPdkgRWuSvUg6005k"
"Villa Bombay","ChIJfZPUXwwPdkgRZzdC89SbDN0"
"Pho Fulham","ChIJpV_-PyQPdkgRtFwUTjLYqRE"
"Heavenly Biryani","ChIJUQFv76oFdkgRH_1e7_FazAU"
"Yasmin Restaurant","ChIJB-iqWAsPdkgRk_aZWkgIGKI"
"Palace Tandoori","ChIJZ4JC-bkPdkgRXxs8YmtW2cA"
"German Doner Kebab (GDK)","ChIJe2icV4QPdkgRz8yOTxd_RJU"
"PJ's Chelsea Brasserie","ChIJUxk7qWkFdkgRnIlqyamHI9g"
"the hive sw6","ChIJnSuaiJ4PdkgR0H3xQtGAyb8"
"The Cadogan Arms","ChIJ66HKJ8QFdkgRoWrsa8akEZc"
"Haweli","ChIJOX81AkoOdkgRWC0fVZXB8Z0"
"Pippin's","ChIJV1Eb4TAPdkgR5RSCX_XFuHg"
"Indian Zing","ChIJtZQNm0oOdkgRASPnQhiWSCw"
"Villa Mamas Restaurant London","ChIJIWPm_2oFdkgRAn1OerI2pIU"
"Baba Ghanouj","ChIJpUe2vIYFdkgRleo9cdWJWpE"
"The Durell Arms","ChIJ67AxQZ4PdkgRmrsT0cBDOqI"
"The Pembroke","ChIJ3XvB0IsPdkgRo151mr0Kp2k"
"Fresh Falafel","ChIJTbI8c5APdkgRBWe0fskPtBg"
"Rajdoot Restaurant","ChIJ___GYlUFdkgR7qNPGpduRlI"
"Chaiiwala Hammersmith","ChIJgUzr8JQPdkgRHwaVFMjrWgw"
"Shisha ع الرايق شيشه","ChIJcf8BYdsFdkgRGywbFlr0HPE"
"Chatkhara Restaurant","ChIJrfryR58EdkgRF6ISfqyhGME"
"New Dewaniam","ChIJkfPUooYEdkgRFhOs77-JRl4"
"My Chaii Ldn","ChIJu5-YgdAFdkgRd5edAxV8RIQ"
"Miah’s Kitchen","ChIJ36S6u4YEdkgR3vU-VmN0BIM"
"Smoke Lab | Best Shisha Lounge & Hookah Bar near me in London","ChIJ2SDaAe8EdkgRvL0vQkwkM_0"
"Metropolis - Vauxhall","ChIJyeyUudUFdkgRyojpz5LI4S8"
"Bread Street Kitchen & Bar - Battersea","ChIJIUU-lPsFdkgR8992QN-bR3w"
"Waterfront London Vauxhall Riverside Restaurant & Bar - Best Burgers, Sushi & Seafood near me in London","ChIJ2SDaAe8EdkgRua0wJIY0qRQ"
"The Garden Vauxhall","ChIJDX0Hfe4EdkgRN7AjmZG7748"
"Mezemiso","ChIJ7zZKT-oEdkgRTdv2Nq3Ew1M"
"The Layered Biryani By Mom","ChIJi07kCgAFdkgRaRsazE3Vrj8"
"TDQ Steaks","ChIJfZ3ZaBYFdkgRfj3iA1DFlac"
"Restaurant Gordon Ramsay","ChIJkUBQqPAFdkgRtPhH7EIvzJU"
"Rosa's Thai Victoria","ChIJ5y8q-B8FdkgRNAGbmj7KOU8"
"Comptoir Libanais Chelsea","ChIJA_uszRUFdkgRYRbyntfp1Yw"
"Chop Wok Express Battersea","ChIJbxiyq80FdkgRZJs3_DXNl2Q"
"Camberwell Tandoori","ChIJ-ZEhVYEEdkgRG4rMYNuSQas"
"dim t","ChIJjZyz_B8FdkgRCxl46YcOCVE"
"Arcade Food Hall & Bar Battersea Power Station","ChIJEX9ptU4FdkgRPOnWhkugTgY"
"Giraffe, Victoria","ChIJozheih8FdkgRSM_9X9m6Xu0"
"Mr Chinese","ChIJjY3MXvEEdkgRDVDlcv0rAyU"
"The Riverside","ChIJFQZLUu4EdkgR4qDiHN-Cy7Y"
"Seafresh - Fish & Seafood restaurant","ChIJO4o1PeAEdkgRLNFFN_NLdEc"
"White Bear","ChIJ_8xI5ZAEdkgR46n0eW8pQ6w"
"Sloane Place Restaurant","ChIJKztHFvYFdkgRowBVioe3zeA"
"Etta's Kitchen","ChIJxy6Lq2gEdkgRuC7Y6coNN58"
"Purple Mango Indian Takeaway","ChIJjfQCiHkDdkgRJbGTHOhWHtw"
"Tulsi Restaurant & Bar","ChIJuynoOR9U30cR7f94cyRURlk"
"Tikka Junction","ChIJp7gJXQBV30cRVYU7rXUcV74"
"Spice Lounge","ChIJLwASpU9V30cRXX8GPdI3hIo"
"Durbar Spice","ChIJoxJ3S-1V30cR93CGe9TNMSw"
"Raasa Indian Restaurant Orpington","ChIJtfGqbiKr2EcR7zLXVoEv8Eg"
"Biggin Hill Spice","ChIJrxAyhAtV30cRXJ1PXslYG9Q"
"Shiuli","ChIJh97eu5QNdkgRRGm5ZyTx_QA"
"Dhoom","ChIJT3-oLwANdkgRP-f2jBW_cMI"
"Spice Up","ChIJ5WN8Xu0NdkgRWZt9e2matmQ"
"Little Mumbai","ChIJwcEaTYkMdkgR1GFyxDjjqPk"
"The Tiger's Tandoor","ChIJB6Xtqe4NdkgRVlEeboXWCvk"
"Regal Spice Twickenham","ChIJzcg4Io4MdkgR73srbUqqcCQ"
"Tsaretta Spice, Twickenham","ChIJU30JKlwNdkgRWDhwuuQceVU"
"Cinnamon Lounge - Indian Restaurant Isleworth","ChIJ_WHJU1UMdkgR6NAVYSP23vA"
"Twickenham Spice | Restaurant & Takeaway","ChIJ3Xqx47kNdkgRFOiJEqNifeE"
"Jolly's Restaurant","ChIJvYNn08YMdkgRnzOTBCz_0m0"
"Kathmandu Tandoori Twickenham","ChIJqbFglWEMdkgRHI6bYtL9Hbg"
"Taste of Raj","ChIJideop5EMdkgR6eQ4SPba4gs"
"The Green Spice","ChIJYTbmCZEMdkgR7i-o8EuQHLU"
"Sumac restaurant","ChIJNYQRSwANdkgRHiMtED6XOGU"
"Royal Rasoi","ChIJWQ-oOG5zdkgRA3Noqn6uZns"
"Madhu's Brasserie Richmond","ChIJ96_-XDoNdkgRUdBI0Hzrqhg"
"Cinnamon Bazaar","ChIJd1juDzcMdkgRggFJ1UkhhgY"
"Chatora - Modern Indian Restaurant","ChIJD8FsOPkNdkgRKXE8JuOGo5g"
"Prem Indian Restaurant","ChIJg03oAn8LdkgR3riK1hZPeFk"
"The Indian Oven","ChIJQyGVjNQNdkgR0oKk31XXBZY"
"Takaa Tak, Teddington","ChIJoUjBvhULdkgRa2Xgmrkx560"
"Cafe Arora by Home Made Curries","ChIJs4S_alYNdkgRx6AH4KbBqZk"
"Sidra - Twickenham","ChIJieCG9XgNdkgRc_2QqyCznlE"
"Kohinoor Indian Cuisine Southall","ChIJs_WE9gANdkgRmWYptqJXhMI"
"Bengal Brasserie","ChIJe0fH9p0MdkgRLcJ8i_sYe3M"
"Swagat Richmond","ChIJnS1svkgNdkgRIVnbakMvpfw"
"Biryanis and More","ChIJVVBbsRMNdkgRKxBsLPmWf_Q"
"Bengal Village","ChIJVwBreToMdkgR4p4FyR-O_YI"
"Somjuk Thai Cafe","ChIJy67rgoENdkgRp5Pdr_LtmLg"
"Saffron","ChIJcYx3kIEOdkgR1mPZ56SoylQ"
"Tandoori Express","ChIJfwsQ4mEMdkgRgtaiKwhKodM"
"Albany Spice","ChIJdVV3X8YNdkgRAAOgF8XO7Ys"
"Pasta & Amore","ChIJ81KXVJsNdkgRwNeVZtaW3bk"
"Cafe Masala, Richmond","ChIJX2F8MjEMdkgRscQzdM-RpfY"
"Ami's Indian Flame","ChIJF4UoHLQNdkgR7rZpqWyZHrg"
"Madras Flavours Restaurant (Pure Indian Vegetarian)","ChIJ4zNTjGYNdkgRfYtR73Y0fkQ"
"Rara Kew","ChIJba8bk9QNdkgRPSvHsnU82S0"
"Honey Moon Restaurant - Hounslow","ChIJgb3Nn9AMdkgRI-ojffN9ms0"
"India India Whitton","ChIJmSfKv8UMdkgRNX4I4_KQk6U"
"Namasthe Hounslow, Indian Restaurant","ChIJ-W55XhoNdkgRnZ8tJEqNrD4"
"FOUR SEASON SPICE LONDON","ChIJYecZi7wNdkgRapEqtGRLVGg"
"Crispy Dosa Hounslow 100% Pure Indian Vegetarian Multicuisine Restaurant","ChIJvxDYaxkNdkgRdwHwRvrxwCI"
"Spice of India, Whitton","ChIJieydscAMdkgREy00hXg07NE"
"Hyderabad Tastes - Indian Restaurant Hounslow","ChIJrS0VX62m2EcRoDG_Iyf7Mc8"
"Indian Villa","ChIJQRwsnEkNdkgRCaXEULjH8no"
"Delhi Wala","ChIJLXz_VL8MdkgRtESFfBKbA9o"
"SPICE OF LAHORE LTD","ChIJZR7JA98NdkgRTeitaC205a8"
"Street 21","ChIJr53lDmoNdkgREy4suzJEsv0"
"Peppers","ChIJSStTxnEOdkgRZ3Shg7q_5Zw"
"Kari Dosa","ChIJpfFArNcNdkgRdJYIw8n2x48"
"Punjabi Dhaba","ChIJx95JgyANdkgRKAEdJHEurTk"
"Flavors of India - Hounslow","ChIJqY_9ud8MdkgRWcYuTa8fBLU"
"Shree Krishna Vada Pav (SKVP) - Hounslow","ChIJp0I7K9kMdkgRjgJcc3o9liQ"
"Ahaa Dosa","ChIJgZ-_ytYMdkgRyUjSAelLSok"
"Waldegrave Arms & Siyansh Cocktail Bar","ChIJ30fEhX0LdkgRBx76SHEiIZQ"
"Ruchi Indian &Bangladeshi Restaurant","ChIJtyR5GUwLdkgRR84YhY6HGX0"
"Mahirah Fine Indian Dining, Hampton","ChIJU2en1FILdkgRX2t5VFEVc0U"
"Riverside Indian Cuisine","ChIJ_xQMkV8LdkgRWVRRk1_RFTU"
"Monaf's Restaurant","ChIJYXGBbEwLdkgRruHrZQ9p-Oc"
"Famous Biryani Hampton","ChIJk8jiCwBzdkgRC24r_KcpaPM"
"Hampton Spice","ChIJUeJIMEwLdkgRmIvAdDJO3Us"
"Whitton Tandoori","ChIJz5ExiEpzdkgRUTmGv1eT3Vs"
"Indian Palace Restaurant","ChIJlTUmNqJzdkgR1OSuxeaLqrk"
"Rose Tandoori","ChIJ6SltBVBzdkgRNlK08J5Mgww"
"Hurry My Curry","ChIJ1Y16msJzdkgRXvHG30MZQAk"
"Chennai Biryani","ChIJhXKVOwANdkgRddnPbrcjUbM"
"The Hot Spot","ChIJm4b_wltzdkgRYI0x6qyXCWY"
"Everest Spice Lounge | Pub, Bar and Restaurant","ChIJMb_SVxYFdkgR9Rwq3ZgxWz8"
"Shere Khan Feltham","ChIJtzopmCZzdkgRHLzxSS1dIPg"
"ChaChaz Indian Restaurant","ChIJRdyLYH5zdkgRbiUhbVZ3bM0"
"Appetiser Indian Restaurant (Vegetarian)","ChIJlRI4UNFzdkgRXcHeOd7hd_4"
"Humble Thali","ChIJJWrMKF5zdkgRjJdtJrjWP6E"
"Turkuaz Restaurant Feltham","ChIJgwAXfSlzdkgRr4jROM-IvI0"
"Namaste Gurkha - Feltham","ChIJG3MYFnpzdkgRkfMTYA7ixRc"
"Famous Biryani","ChIJ4xi-WIVzdkgRI2ihTXu8kRs"
"Tandoori Nights","ChIJsTy_-GlzdkgRpX0R3rgogoI"
"The Bell On The Green - Pub, Bar & Restaurant","ChIJoa-jh71zdkgRl-yILj8NuW8"
"Chaiiwala","ChIJcfPYwSlzdkgRpUGKo8FZ6KE"
"Hyderabad Express","ChIJDavj5s5zdkgRCFh2binXJ18"
"Rose View Tandoori","ChIJR-x6wRBzdkgRPOpxQv3xvaw"
"Delicious Foodiez NO.1 Indian Street Food","ChIJY2zKqJcNdkgRfVd-Xt49Hr4"
"Hukka Me Up Lounge","ChIJAc7BDnhzdkgR8j4znlmg5hM"
"Delhi Chef","ChIJH8_dhxFzdkgRVprVfIYcqJk"
"Feltham Biryani Point","ChIJ55zEOuVzdkgRQHtEtF6F8hk"
"Biryani King","ChIJ_XreEgBzdkgRZ-_5np4hDaw"
"Hounslow Lahori Karahi","ChIJl_ntw2xzdkgRSyuyQuuTqok"
"Gurkha Durbar","ChIJiTu1e3JzdkgRdfGqY3VxsiI"
"Hyderabad Junction","ChIJH_VK9M5zdkgRR1JEmISvU4c"
"Duke of Wellington","ChIJtb0bmqhzdkgRg4Da1IYS1Oo"
"Telugu Street Food","ChIJiZLxGAANdkgRE6Jmaki_980"
"Shri Sai Tiffins Indian Homemade Food","ChIJK-pCh9MNdkgRrbpg7eSy9aU"
"Takaa Tak, Hounslow","ChIJy_EH1ilzdkgR-9A052qHFto"
"Paan Wala (Indian Street Food)","ChIJ2-OsgQwNdkgRenwYQSo_H-0"
"TANATAN","ChIJnz-lHRBzdkgRoFZzoHgbWsI"
"Hyderabad Bawarchi","ChIJnZjxGgANdkgRmz-99_yzTAA"
"Kaniz Restaurant - Heathrow","ChIJzTffTvhydkgRrFO5kEjm99Y"
"Rasoi","ChIJd30iif0NdkgR-Ophgmfr5dY"
"Goan Paradise","ChIJ9S85JzNzdkgRgWPOmbnOknE"
"Chennai Biryani","ChIJ5-wK5koNdkgRV-obviohVZs"
"Vailankanni Imperial Lounge","ChIJXWlrOwBzdkgRa4jXt9-DDGg"
"Biryani Nation Grand","ChIJidMWN3pzdkgRE-CnPi4TCkQ"
"Hyderabad Biryani Centre","ChIJvYg8UUoNdkgRfI9UiBuW9q0"
"Bikanervala Hounslow","ChIJN693rbANdkgRnnEBoLcEkCU"
"SUPER CHAI","ChIJXfuLAdENdkgR-LvjhCl6OmY"
"PUFF HOUSE","ChIJeZqHJscNdkgRZ44orAyezsk"
"The Royal Albion","ChIJwR2Ln9EMdkgRJF4plqeCYE8"
"The General Roy","ChIJM-9cKntzdkgRd6E43TBr1-A"
"Gupta's Chaat Corner Hounslow","ChIJQcFPv0wNdkgRaAuvLCLzJWo"
"Mamas Bar & Restaurant","ChIJLyiS13dzdkgRIUsQ43rIeFE"
"Madina Restaurant","ChIJmXVwOBUNdkgRDDKRuMewkYw"
"KTM ROX","ChIJQ1U5KW5zdkgRvzTbwMTPg6A"
"Thakers","ChIJSYFjOhENdkgRJAqlGxCTFEg"
"Urban Kitchen Hounslow","ChIJ9yK1xzANdkgR4iPWVHcfALo"
"Flamingo Flames (Hanworth)","ChIJEVfQiWlzdkgR2hKXuuG5SMk"
"HANDI ROTI","ChIJ3XQzP_RzdkgR_xQgh5xlbI4"
"Casa De Goa","ChIJV0jI2d4MdkgRwSrTLIW-9d8"
"African Queen - The AQ Bar & Restaurant, Hounslow","ChIJI1vvUc0MdkgR-h7_ajuTiQw"
"Kitchen_It cloud kitchen","ChIJJ5GGaQBzdkgRerSTCfdJ3Ec"
"King Kebab","ChIJMVI_gnBzdkgR2g2qdS3yRwg"
"Maka Tik Naka","ChIJYX_ZRdcMdkgRsF0ydpmjbNY"
"Bombay Wok - Indo Chinese Restaurant","ChIJ75BOpdAMdkgRwrRz-jIY9Dc"
"Hounslow Lahori Karahi","ChIJc4eF3t8MdkgRAbYTVj1GyQ8"
"Biryani Spice","ChIJwS9bvY4NdkgR8STvJZBBOVc"
"Urban Brasserie","ChIJAQAAdLhzdkgR3np7iCtlZ7Q"
"Hampton Tandoori","ChIJG7cNUbN0dkgRdARvDWXJ_Cs"
"The munchies","ChIJqQ5wgLYNdkgRbDmmvlp6It4"
"German Doner Kebab (GDK)","ChIJi5FCk9JzdkgR-TDp9Ehu_go"
"Jay Sweet Mart","ChIJIZcm6SxzdkgRIbcXoQQ-KGI"
"Kathmandu Zone, Nepalese Restaurant, Hounslow","ChIJ89rNNNEMdkgRv8468NPSB_k"
"Eastern Promise","ChIJn6RcQNMMdkgR172ygR2qLPM"
"Nando's Feltham","ChIJx7fB62ZzdkgRM0XUSPrO-y0"
"HYDERABADIS Biryani & Starters","ChIJNZhLV7QNdkgRo-udhFJwOdc"
"Chaat House","ChIJ8ywi15gNdkgRRPNWyyC-pjQ"
"PK Indian Restaurant, Bar & Lounge","ChIJAV1iC7xzdkgRG6mb8LX2j58"
"Xenia Restaurant","ChIJl7dKIwBzdkgRPs7C4ppfkpU"
"Taste of India A Junction Restaurant","ChIJg9boGeJzdkgR-BeTpeO52HY"
"Rice and Spice","ChIJrfdwvnlzdkgRuXSpbPkoV2c"
"Madhu's Heathrow","ChIJoXAvwU9ydkgRcZW2Bbz8tSk"
"Lahori Chaska","ChIJv6Mud4RydkgR2ZGeNBw-VWI"
"Sipson Tandoori Indian Restaurant","ChIJYcCrlBxydkgRRs0-b6PGtwk"
"Sangeetha Vegetarian Restaurant","ChIJg3j49NdydkgRnLLP8msz9cE"
"Simply Delicious Panjabi Cuisine","ChIJQaljXdBydkgRdYoG4IgqKNc"
"Super Singh’s","ChIJZ6j3LgRzdkgRgw3VeaYYmy4"
"Delhi Wala","ChIJfUDAytZydkgRziMerfnCmOE"
"King’s Darbar","ChIJLRG_1W5zdkgR8xIyL_apZow"
"Pasa restaurant","ChIJ8WryNl4NdkgRjwymWGiQgjM"
"Caribbean Kitchen Pot","ChIJh5sV6BgNdkgRyhuq8G0E1c8"
"The Sussex Arms","ChIJC6FBLpEMdkgROYMvO4swEd8"
"Maharaja Kitchen","ChIJ82or3H4NdkgR3-6SaGC2qWs"
"BAITHAK","ChIJ0cxTQM8NdkgRLYkj3DrSB28"
"DESI SWAD","ChIJ22HMrdwNdkgRrOR7w4u2KN8"
"Madras Spicy_Hounslow","ChIJ7ylZ5EMNdkgRAnWLKocc8f0"
"La Jawaab","ChIJZfDKv00NdkgRV0DKDzzVHVg"
"Charisma Restaurant, Bar & Banqueting","ChIJm7mV1yUNdkgRnFfiM3-dFK4"
"Hyderabad House","ChIJr52ZNcJxdkgRhjZHDpnpO4E"
"Mazaydaar Restaurant","ChIJ-xqHQLQNdkgRa4N7bklrMU0"
"Bukhara Lounge","ChIJ5x_O4rpzdkgR5kfzxhDD1qc"
"Passage to India","ChIJQzXYQjINdkgRQ5tNna-q6Co"
"King Karahi","ChIJPUdwvCUNdkgRhbKmdnlJw3I"
"The Karahi","ChIJsbmQP9hydkgRL-ngzql8iHg"
"FR Deliciouz Bits","ChIJXznbJGYNdkgRBpuz9DR-1_A"
"Chini Chor","ChIJJShdw1BydkgRpBzN21tntvI"
"Taste of hyderabad","ChIJoRKqpK4NdkgRf7w6Hika9II"
"Khan's Karahi","ChIJqRaQJthydkgRuCtttrymk3s"
"Zayani Restaurant - Heathrow","ChIJtxz_YjxydkgR5cY_d4tYzL8"
"Lala Peshawari","ChIJebbn1cQNdkgRLpVh9LYKV38"
"Curry Express","ChIJF27dnCANdkgRCyQ0VwQKET8"
"Biryani Junction","ChIJmSZZn8sNdkgRwW30lDSLDJY"
"Khatta Meetha","ChIJjwhDA95zdkgRQq3P6XMPZFc"
"Tandoori Nation Hounslow","ChIJ20VbtusNdkgRyY82tHYiMJg"
"Khan Baba London","ChIJ6Z__3OsNdkgRqJUdeCNn6bQ"
"Hyderabad Biryani Point","ChIJ6cqLtdcMdkgRiOiJUQaFwXc"
"Viva Goa Hounslow","ChIJsbf0dZpzdkgRE19UuhjetWA"
"GRtiffins","ChIJI3zsRu0NdkgRp2w_2uio580"
"Pepper Spice","ChIJBdUc8gkNdkgRCIIJGQn-TPc"
"Chaiiwala","ChIJVU6uXYZzdkgRFiKabh55_wM"
"Punjabi Kitchen Express","ChIJcfc3twMNdkgRwO4EbhhQwKw"
"Mama's Nepalese Restaurant","ChIJD6rcXi8NdkgRJWx2fTjFYdE"
"Priyas Tandoori","ChIJI7p1seZydkgR1dQDp8LmCIM"
"Twentynine hounslow","ChIJkZsLCdcMdkgR9SvNw7mfcJA"
"Karak Chaii Hounslow","ChIJzZ75u08NdkgRcv8YUGPujAo"
"Bombay Bowl","ChIJURbmjTQNdkgRRrh1_5HQY8A"
"An Te Ra Ruchulu","ChIJQ3onAUENdkgRaGWNMVaDGmw"
"The Flavor Factory","ChIJoWmA1HcNdkgRy308glgVS8s"
"Red Hot Chilly Pepper","ChIJU7T2LzUNdkgRNJSl37HF_jg"
"hunger's 10","ChIJg4ZVwZINdkgRU9jgq-yvX-c"
"Chat Mahal","ChIJ6UCcSAANdkgRhH7OcUZz5-Y"
"Delights Cafe","ChIJ0yYFTkVzdkgRxgUFf9pqyzM"
"Achari","ChIJJTPw9jxydkgRP6P9yMg-pvc"
"Bulstrode Pub","ChIJ1WtRpdcMdkgR50ULzC34oQI"
"The Black Horse","ChIJv662DSYNdkgR-CgGIDynamc"
"Meri Marzi","ChIJ66mNNAANdkgR69Y3oHkVrU8"
"Delhiwala","ChIJS88-MQANdkgRkft-l01oaKQ"
"Express Grill & Curry","ChIJrY9u3NZydkgRj5YGsFxI2LY"
"Zam Zam","ChIJLU7CxeRydkgRcI0TaxzmrgA"
"PANSHI","ChIJUf24EqUNdkgR8WYzX696cg8"
"Taste of Pakistan Restaurant and Take away","ChIJEYKAg0pzdkgRef35ZyDjV8g"
"Bukhara Restaurant & Banqueting","ChIJPxvLElFzdkgRItYAcIbt-uU"
"Biryani hub","ChIJDxjXbmpzdkgRFB9k3a9SoXE"
"Butt Karahi Hounslow","ChIJJfBpgbhzdkgR4eJFjTRBsSU"
"Agrawala","ChIJLzVBXQANdkgRIAnQWFT0J1M"
"Paradise Biryani","ChIJI1LcO8kNdkgRj0vDILscQvw"
"Americano Indian Fusion, Hounslow","ChIJp3MEtdcMdkgRVUlwe_UfpgQ"
"Noor Delicious Food","ChIJiTGhf2VzdkgRh7rWRyS-EOw"
"Hot Plate Buffet","ChIJofSuPy8NdkgRxFgY6fWeLl0"
"takaa tak banqueting","ChIJuw1hSLJzdkgRGw6aa_R5aSk"
"Desi Curry Lounge","ChIJFbSG8a1zdkgRw2HYwWQEdMo"
"Memories of India Osterley","ChIJG5IQ4RkNdkgRevZcigaWJas"
"Saravanaa Bhavan Southall","ChIJp-powqxydkgRAN1v-hIorXw"
"Kulcha Express® Hounslow","ChIJF7a4JMpydkgRqAvtDd4bNGA"
"Delhi delights","ChIJT66P-0dzdkgRd_nPTc7aZqM"
"Apna Punjab","ChIJX8OqcsdzdkgRlZqRe6duKjU"
"Aahar Indian Vegetarian Restaurant","ChIJI8CCdXkNdkgRfEI-gFAYGa0"
"Takaa Tak, Hayes","ChIJCYlmQUZzdkgRvGCYvs9-jRk"
"Madhu's","ChIJ3bvHBbFydkgRyj3SZax8xJs"
"Curry Delight Indian and Nepalese Cuisine","ChIJzZdn04lydkgR5viHHg9Tsho"
"AL-Hyderabadi Biryani & Grill Hayes","ChIJebsb6hBzdkgRvVwocLcoak8"
"Poornima","ChIJKbXet1QNdkgRJhaqnxx5eOg"
"Panjab Palace","ChIJTUP3qadzdkgROnRj2GMgwbc"
"Spice Village Southall","ChIJc4McpalydkgRD_mt7zJ_kd8"
"Doaba Taste","ChIJu4n4e3NzdkgRb7zmVwgDIOQ"
"Mehfil Restaurant, Banquet and Catering","ChIJV96bgK1ydkgRgwspRjLZEDc"
"Ticca Tikka","ChIJT2oRTFMddkgRz3nRn1RpWTA"
"S E Punjabi Flavours","ChIJ-VlPJGZvdkgRlTOXQLXy2YE"
"Smokin Naaz","ChIJOVzUHzFvdkgRvUdWz-5PGQM"
"Kolapata","ChIJjwAXPdIcdkgRyYRetAjUw6o"
"INDIAN MASALA","ChIJAcmzDcYcdkgRrQSv1lQE-BE"
"Palace Tandoori","ChIJ5wvpcwJydkgRkOIy3nyxWP0"
"PUNJABI CHULA","ChIJK7LulkBzdkgRywdvPWPZoQ8"
"The Prince of Wales","ChIJt79Q0btydkgRAdDjJq4c-Hc"
"Punjab Sweets & Spices","ChIJO3ghEXxxdkgRGMnBOgiGIzQ"
"Mantra Lounge","ChIJgdBSxAYFdkgRj0UqJKpDJTw"
"Spuntino - Heathrow T3","ChIJFZURWE9zdkgR2tKh0dMSS_8"
"The Grand Chef Restaurant","ChIJZzhF1j5tdkgRIL527ZEtG5Y"
"Papu da Dhaba","ChIJvy3q7JZzdkgRsiJ-RVQFNDU"
"Shan Shui, Chinese Kitchen","ChIJffr0uQJzdkgRAdVIRhWjg8c"
"King William Heathrow","ChIJGRge3jxydkgRyFJEwzmLi8o"
"The Orangery by Sapna","ChIJt1NYgD9zdkgRthi6PKsUB2o"
"Apna Pind","ChIJH0NN1bNydkgRvYLew3Qa-MQ"
"Zayka","ChIJo8VaX40NdkgRN8B6zXYTd58"
"The Grand Restaurant And Bar","ChIJQ7FSYr5ydkgRIlC_VOGebzs"
"Agar Tandoori","ChIJxS4G1sAcdkgRx2pvNATz9H4"
"The Oceanic Pub & Kitchen","ChIJiT88WV9zdkgRvNt4FzjF-RU"
"Meri Marzi","ChIJK1EyQZ5zdkgRUWBHM1S4j7U"
"The Scotsman","ChIJUf_wFrtydkgRVSJGmqp3SOY"
"Midpoint","ChIJsxtpNaEcdkgRiu2fIzZ7etE"
"Biryani Wala®","ChIJox4G8ARzdkgRugg42sX6A0M"
"Curry’s Cocktail Club (C3)","ChIJrXW314YNdkgR75PFIV7kO5c"
"Bayleaves Tandoori","ChIJf40CS6kNdkgR3WHah-XNcWw"
"The Indian Gymkhana Club","ChIJxTNF5hgNdkgRjRAqfozYMdc"
"Taste of Lahore","ChIJhSMNk4YNdkgRCvPM7J99M_U"
"The Dj's Kitchen","ChIJl4Q5rFANdkgRrCjzGMWnsZc"
"Laguna Restaurant & Events","ChIJMSn48YgNdkgRxTq4-n_WRsw"
"Charcoal Lebanese Grill","ChIJJ2RlO5QNdkgR9WYjSeCL4Ac"
"Monkey Temple","ChIJE8A6tjEOdkgRDYUn7h_D7HE"
"Lahori Restaurant","ChIJ19_aAC0OdkgRPnfNtg1BWJo"
"Annapurna Restaurant","ChIJ6999s0AOdkgRr6eVIgIPojY"
"Kathmandu Inn","ChIJ_VgsdzMOdkgRxw--XLawwiA"
"SPICE ROOT","ChIJm_YVEyYPdkgR_uxt4PW_s9M"
"Dawat Chiswick","ChIJVT_rFNEPdkgR6AJIY05akG0"
"Spiice 8 | Authentic Indian street food","ChIJGzpBOgANdkgRtpp3LQELGsc"
"Taj Indian","ChIJUSJ8RhsOdkgR5bhcoDeYOGY"
"Anokha","ChIJYbZ6WhkOdkgRs8FC_p_JV50"
"ANIMA Φ","ChIJNbH51vUNdkgRNKk3ca7C8N4"
"Holy Cow - Fine Indian Food - Indian Takeaway in Hammersmith, London","ChIJodSiKUgOdkgRcU9GzGaM8os"
"Mahdi Restaurant","ChIJv0wfa7UPdkgRodNgw2yM-Zs"
"Chilli Spice & Wine","ChIJkVzjgC8OdkgRooqcT_WWJts"
"Monty's Tandoori","ChIJP7ZM9_UNdkgRew0pHi-RztA"
"naama","ChIJl1o_2dIPdkgR3_KFIGK980A"
"Patri Northfields - Indian Street Food Restaurant and Bar","ChIJMdAW3ocNdkgRL13iCB9ssg8"
"Tandoori Villa","ChIJf0D3vPINdkgRaBWbi1cN1uI"
"Galata Pera","ChIJxYIHEcYNdkgRD0ZTbWjLKRg"
"sucess worker","ChIJBQt1YxkPdkgREqTLaIkJL6k"
"Oriental Express","ChIJgSMQfiUOdkgRko8aubjlvkc"
"Papaya","ChIJAfz9QpANdkgRa0g9Rf5scNQ"
"AMIRI RESTAURANT & LOUNGE","ChIJE7jUPwANdkgRwHPat2Mg2II"
"Time Bistro Bar","ChIJiZq9FPUNdkgRRIAYh9u3wkk"
"The Anglesea Arms","ChIJRUUTrDQOdkgRzg8HmoeiG0Q"
"Piano Restaurant","ChIJAYdkekcOdkgRdrsSuiXh8Nk"
"Spice Magic Restaurant","ChIJgT1ybJANdkgRWyir8yGh5cI"
"Grilandia Chiswick","ChIJO10606oPdkgRTJHuBR_9QNw"
"Raitakrai Thai Richmond","ChIJycIWPloNdkgRUTEQbfh6Zw4"
"Chatora - The City","ChIJM8Ni8asDdkgRB_OOTr9Mn5k"
"Four Regions","ChIJdXQNbDEMdkgRLiD0qvOMJjo"
"Curry Leaf","ChIJP0RuxnEOdkgROxn8PiugjBU"
"Haweli Restaurant ® Southall","ChIJncsvWiRzdkgRxHR32pSMjdM"
"Lahori Masala Southall","ChIJ80UnZB9zdkgRy652Q50GxCM"
"Southall Spice","ChIJNVsUlSBzdkgR1suy6GwOhsg"
"Butt Karahi Southall","ChIJSZ2m-tJzdkgRVu0d6EsEPhE"
"Watan - Afghan Restaurant Southall","ChIJmx1yM6pydkgRktUKTQ2D2wg"
"Shinwari Southall","ChIJo8qofhJzdkgR_Zh3gz3aokM"
"Roshni Restaurant","ChIJj4O2wFQNdkgR8pLvJb_BJ2g"
"Susegad Café Southall ( Goan and Indian Street food)","ChIJ6YXvAh5zdkgREsASpmuFJ_s"
"Gifto’s","ChIJ6QvqmqlydkgRC0vizNyK2wU"
"The Nizam's Biryani Restaurant (Southall)","ChIJbVKq1nQNdkgR0-xiU64e3X8"
"Kulcha Express® Southall South Rd","ChIJXzsZkVZzdkgRWI2-njiM-s0"
"Taste of Punjab Southall","ChIJcR8PjlUNdkgRXgO3oth2CCY"
"CHAAT HOUSE SOUTHALL","ChIJ_TqOGIxzdkgRF_GBuXunh0c"
"Kulcha Express® Southall The Green","ChIJG_gIlVINdkgRO5Os09AUIvk"
"Brilliant Gastro by Dipna Anand","ChIJy_sy1pJzdkgRvo_dTljJLX0"
"Jalebi Junction","ChIJ2bdlrqtydkgRLkMDvFbEWoY"
"Shahi Naan Kebab","ChIJUwYeCQBzdkgR2hjUkZYGh-k"
"The Terrace","ChIJufQsXtQNdkgRzbXrcc2LVmY"
"Delhi Wala","ChIJz98UJrJydkgRDcPnkKMKlYY"
"Punjabi Junction","ChIJCZhGZokTdkgRFE63mFn3vYE"
"Moti Mahal","ChIJbfqGsqtydkgRrYf0H_6WLcc"
"Delhi 7","ChIJu7m4aMhzdkgRgrQYFEVgfl8"
"Taste of Lahore Southall","ChIJtVxZpKlydkgRVaMpXIp1x58"
"Tanu's Kitchen","ChIJayH9A6xzdkgRp62J3hgsK2g"
"Chaiiwala","ChIJkTGGugxzdkgR6ojUAVwg0kc"
"Shahanshah","ChIJYYsewlUNdkgR524u96Iff80"
"Rita's Chilli Chaat Corner","ChIJbyFVs6tydkgRTQFr8KYrkbI"
"ICY N SPICY","ChIJAQ2KgysNdkgRGy0RFes3SPw"
"Biryani Hub Southall","ChIJJV7a3u0NdkgR_JgcORQpv7U"
"Sanjha Chulla","ChIJx7QCjLFydkgR_7W4MQ9--cM"
"Nargis Kenyan Restaurant","ChIJiUeDgq1ydkgRogcU_WZUzNc"
"Real Taste Of India","ChIJq6p2PbJydkgRcPzXHlGQpP0"
"GOPAL SEVEN SPICES","ChIJdTxvfrVzdkgRtALlc6HvPBY"
"Roxy New Asian Tandoori Centre","ChIJ9Vi-I7JydkgRMAYZEMaZwOg"
"Karak Chaii Southall","ChIJnT7UDkFzdkgRh7zTEErNkN0"
"Chutnee","ChIJmygYzj5zdkgRJyaAionqDOI"
"Royal Khan","ChIJiTEMtKtydkgRe1sEPJzZU50"
"Punjabi Naans & Kulcha King","ChIJf5I8hLANdkgRJ8WG6SX2O6k"
"Biryani@86","ChIJoUH1xbhzdkgRBH8S1Uw8P1Q"
"Roti Shack","ChIJ63lkrSgNdkgRSMVp5zVqEns"
"Dawat Restaurant","ChIJpfLtOhRzdkgRbJfRVTk3EUg"
"GT Road Restaurant Hayes","ChIJ7573xcttdkgRowiTODJk0oQ"
"Chattpatta Corner Southall","ChIJf7Ha_JlzdkgRCk3IBGHwjng"
"PRASHAD SWEETS","ChIJNa3-qKxydkgRJ_MJ1yGqs6c"
"Southall Kebabish","ChIJc_fn0CFzdkgRwKwfCbhCyao"
"OCC Bar & Restaurant","ChIJsexFjzENdkgRltE52nbmLXo"
"Sambal Express Extra Southall","ChIJpW-xuqxydkgRRdg8gQsmuVU"
"Millenium Tandoori Restaurant","ChIJY_TxiUJtdkgRrEghJuTZox8"
"Spicy sub southall","ChIJsy1BV1ENdkgR9B5JT3gOnoc"
"Ceylon Chennai Xpress","ChIJ-xoF9LMSdkgRdFfAzB2J84I"
"Noormahal Sweets","ChIJ7cQ-LapydkgRbhKAkG7mXzo"
"Blue Orchid Restaurant and Bar","ChIJlz0G37QSdkgRtZDS5jjRlvw"
"Lahori Savour","ChIJ6xucbbJydkgRmXQ5y1CX-ak"
"The Shahi Nan Kabab, ""Original Since 1969""","ChIJwbEMeK1ydkgRGbwvAwkugBY"
"Kings Spice","ChIJq1a_UrFydkgR-bIl7-EwOKk"
"Magic Masala Greenford","ChIJ7yoJxkcTdkgRhhhAO100q1Y"
"Kabul Express Restaurant & Banqueting Hall","ChIJ1-ACI6tydkgROveMdkY_Mmw"
"Delli Bites","ChIJs0OY3NtvdkgRSqEyYYRDUt0"
"Karma Lounge","ChIJ_8wc1W9vdkgRIJPusL0q5ow"
"Dhamaka Restaurant","ChIJsYoV42ptdkgRKX665PFI2is"
"Star Of India","ChIJNZ4BEmFtdkgRP7E4tULr6Fk"
"North Indian Rasoi","ChIJeZ1KJaRtdkgRiwPlbTPv62E"
"Prantha Junction","ChIJKRDKGwBvdkgRCLmZz4rxD6Y"
"Four Feathers Uxbridge","ChIJx8wwvHFudkgRk4pkiwkrZRg"
"Shahi Biryani Uxbridge","ChIJewRDvQpvdkgRQsoPrdc0TDU"
"Tikka Nation Uxbridge","ChIJWbQZkIdvdkgRb7mNijjRN-Q"
"Chutneys Indian Takeaway","ChIJY9mVUnBudkgR34hkwyBNHOk"
"Blue Saffron","ChIJr_z0R0lsdkgRSxXhFC6UNFw"
"DUM Factory Limited","ChIJcc2-UgBvdkgRHCROzTBFBCQ"
"Tamara Lounge","ChIJE_eMm5NtdkgR3gFgTTk7lHs"
"Chaiiwala","ChIJ48oj8LFvdkgRvmTG7HzUhfA"
"Korba Restaurant","ChIJg_S1VLdvdkgR8wwLV20hBJk"
"Zeera Indian Takeaway","ChIJ99rhZbptdkgRkhlvQNMhy9Y"
"Shree Krishna Vada Pav (SKVP) - Uxbridge","ChIJE4SABR9vdkgRZpeocjesE0A"
"Punjabi Spicy Tadka","ChIJOdOqeABtdkgRycwH1l7IL8E"
"Sarasas Indian Restaurant Hayes","ChIJE3NbVXttdkgRiXVybzicSvY"
"Shahs","ChIJxUBuE6NvdkgR5t3Xn0lDl_M"
"Nabab Restaurant","ChIJU0sHJVJpdkgRkXSfAwJwOCY"
"Tandoori hub","ChIJP08LYwBtdkgRJVj3rXZv2P8"
"Zaike - The Flavours of India","ChIJ1RhT8mF7dkgRq1nPZkF4YAI"
"Darjeeling Tandoori","ChIJa2RWr8VtdkgRETcp1ne7cX0"
"Kho Kho Ruislip","ChIJJZ8tn_RtdkgRbQtzhSWZ_dw"
"The Crisp London","ChIJV-HD56ZtdkgR9VoXUeb2XHQ"
"Taste of Afghanistan","ChIJBzvHopNtdkgRFnaJ4249zs4"
"Desi Tadka","ChIJTWZAQ19tdkgROYqfDQcJGOM"
"Al-Hyderabadi Mandi Biryani","ChIJSUxjI-BtdkgRwvKTiqHTVoQ"
"Kulcha Express® Hayes","ChIJG6fd03ttdkgRlGuxTHVQcQo"
"Taste of Village Pakistani Restaurant","ChIJz0IB4NZtdkgRFLGBTqOo4_I"
"Dawat Restaurant, Hayes","ChIJs212TXhtdkgRCv1emBe3VAA"
"Sarasas","ChIJRw5Zmv1tdkgRQOBWPVvW4n0"
"Apna Dera","ChIJ93MsJuRtdkgRzv2LrVTNJAQ"
"Desi flavours London","ChIJlye9GNltdkgRsaBNsOOo2sQ"
"Friends Junction","ChIJ4_-BtIltdkgRNKLieqnlZco"
"Blue Ginger Kitchen","ChIJt3rRWg5udkgRcibfr6dgnww"
"Delhi Ka Tadka","ChIJafCkJgBtdkgRzheddaJ6asM"
"Indiawaale by The Arth (इंडियावाले)","ChIJL10Fg0wVdkgRADJeCqDCOhA"
"The Indian Spice","ChIJK-7yBjltdkgReVBi3O840Po"
"Vra by Sarasas","ChIJq_MZ418VdkgRrM-edcJyaOc"
"Chaii Pot","ChIJzV52Qh1vdkgRMmQq4ftRBdA"
"Moonlight Delight Hayes","ChIJh-LWl-5tdkgR8SvWyF58wgs"
"Eelathu Suvai","ChIJcXhfVmNtdkgR7GV_xtWYGjE"
"BRISK IT","ChIJx4uBZABvdkgRt77wBrlinuo"
"The Indian Poet","ChIJtyjeGQBtdkgRi4OKhcRtPIA"
"Chaiiwala","ChIJwTPeI0htdkgRACW_V6rbIYI"
"Dragon Rickshaw","ChIJ__-r6G9udkgRzLoelQ0Kxcs"
"Ottimmo Bao Bao","ChIJiyJkgXBudkgRLrsrVjo6XO4"
"Spice","ChIJ-wpDbO5sdkgRlHgE1MWxibQ"
"Martin's Place","ChIJaZT2gnBudkgRSMsUH5d0D6c"
"Breakspear Arms","ChIJX5CR0WpsdkgRgAYL5OgOLJ8"
"Tikka Nation Ruislip","ChIJ0TGfjlptdkgRLPDkeG56zDI"
"Gurkha's Pride","ChIJJWLCw_VsdkgRgSNY0VVNNDI"
"Good cod London","ChIJxSbJ4f9tdkgRBrWlqsXCIBs"
"wagamama uxbridge","ChIJj4tMQ3dudkgRa-wEJGibJCY"
"Red Iron Burgers","ChIJS8spaHdudkgRU182_g5su4c"
"Lahore Eastcote","ChIJFZK7gsVsdkgRHvqeTlqNABA"
"Taj Mahal","ChIJ_ZZI9EJtdkgRhOAJyIO8aVg"
"Masala Restaurant","ChIJgWqm6bUcdkgRCPmoFH-Mv5U"
"Patiala Junction","ChIJLwYMu0NzdkgR51dlDewAgig"
"Shahi Haweli","ChIJDxn6X6sNdkgRKi8XuZ1E0FM"
"Punjab Vibes","ChIJm1cPqjANdkgRxbTdq_RIFyw"
"Kabuli Grill","ChIJUSPq-cYNdkgRzvFPVMhTarw"
"Chaskaa Chaat Bhandaar","ChIJrwCOi69zdkgRVzd34jbL8Q4"
"Kathmandu Zone, Nepalese Restaurant, Southall","ChIJqX8I3F4NdkgRwVoJwNPLxFg"
"Chandni Chowk","ChIJvby4tKtydkgR0RZ0-Mguz7c"
"London Dhaba","ChIJI7yY6zANdkgRM59kpgquc7U"
"Lavish Bar & Restaurant","ChIJndZSqqcNdkgR_aJiEFMn_48"
"Quality Foods - Authentic Indian Food","ChIJ5975QwBzdkgRKRHIG1rjVzM"
"Grapes Tandoori Indian Restaurant","ChIJgX33ZWNtdkgRvaDlXcA4S2k"
"Karahi Junction Indian Restaurant Hayes","ChIJ73N6cXttdkgRUU6Fgsp_L58"
"Punjabi Kitchen","ChIJS0gPaZYSdkgR1zThylPGpqg"
"Punjab Naans","ChIJpRvJhQNzdkgRIvEShDfj1f0"
"SHOOR BAZAR","ChIJSS02_SQNdkgR-r2Xp7NHrUE"
"Bubble Chaai Lab","ChIJ9yhoqJgNdkgRM1LgZM73khw"
"Nandini's","ChIJXQFReYRydkgRD2bbGBOYnu8"
"Rehan Fast Food","ChIJx9V19E5zdkgRV56YGFSxWJE"
"Triple 'S' Caterers","ChIJE4Tx4LZydkgRcWCnTISgrf8"
"Poonam","ChIJr6qgnLBydkgRM8c0Y634i_8"
"Panji Sweets & Savories","ChIJE9cl21QNdkgRU1H8pbW-pcw"
"Greenford Tandoori","ChIJgQl7sZcSdkgRpGzWSbhNw78"
"Shah Jee Dhaba","ChIJvThZkJdzdkgRDJajgn_qvow"
"Namaste Gurkha - Hayes","ChIJV2VaIGlzdkgRTiDTxTu9oBg"
"Hayes Spice","ChIJJWzbRVJzdkgRU9d7psj-pzM"
"Bai G food court","ChIJh1sMeABzdkgRB8C_WNjtU5g"
"Ginger & Spice","ChIJbRSHLgBzdkgRDo9IKSHkd34"
"Icy N Spicy Hayes","ChIJ57DGIe1zdkgRhe8f_d-vUo0"
"Momo Rendezvous","ChIJPcieDQBzdkgRRRZWPKe7QNU"
"Zara 1","ChIJ-5DtEIRydkgR-UmCnyj2S5U"
"Pink City Restaurant","ChIJx-7dN8VzdkgRYMyD4xSXHDA"
"Chaiiwala","ChIJswoGPSZzdkgRWADQxY7g5Ys"
"Hot 'n' Spicy Hayes","ChIJGT2qf4RydkgRxfPLsfsDk14"
"Pind Punjabi","ChIJfd6mPINydkgRxZkU96OwyLQ"
"Biryani Hub","ChIJIzbiXahzdkgRe5ZohUCiuG8"
"Pakistan Biryani Corner","ChIJsexOSqtzdkgR7MdqAET3X7o"
"Dabangg Kitchen","ChIJYUf0tHEDdkgRMnfyr_89mBs"
"Biryani Max Hayes","ChIJpxaZKHRzdkgRQRUaEHvGzrc"
"Fish & spice","ChIJ0xi4FyNzdkgRYoFjquQUCkk"
"Roop Food Corner","ChIJuR6SGKFzdkgRr45du6xtlKw"
"The Great Western","ChIJH4fmb3tydkgRepCJ8NGMhnM"
"Panjeeri","ChIJr_KToCxtdkgRwMw4n5BhwIE"
"Moohi’s Kitchen","ChIJubXzbtFtdkgR6b9vEYgGPnc"
"Munchie bites","ChIJXcfr8oNtdkgR4pOPW3plroQ"
"Garari Hayes","ChIJDTeWVF9tdkgRDdqE8ZfhbYM"
"Samy Kitchen & Restaurant","ChIJKY02jUNtdkgR-SWHqbu5CPc"
"Kings Indian tiffin services","ChIJr9O6GMptdkgRydgwMkuVdr0"
"Riz's Spice","ChIJeY-N1nttdkgRI8dG3flEMPg"
"Sa-Mo-Sa","ChIJrQSna4ZtdkgR5hy5MioppZQ"
"Punjab Express","ChIJt4FlA3FtdkgRil39ibxX_1Y"
"Chaat House","ChIJB2xDUwBzdkgRXkVxDpvObH0"
"Hajveri Kebab & Grill","ChIJTw4hOANtdkgR_Ms0-2eArEg"
"Reho Lanka Street Food","ChIJM3txO29tdkgRVu7CQ0k-Vns"
"RARA DINING","ChIJ9wqhZU1tdkgRTCL1LRf33fs"
"Five Rivers Bar & Grill","ChIJxeCHTnhtdkgRSO9Ghtv5AU8"
"Saravanaa Bhavan","ChIJleGCAjQTdkgRK1JuZf9bqJE"
"Golden Sip","ChIJi8YNEycTdkgR27LkyvCClEQ"
"Praba Restaurant","ChIJKb8SfskTdkgRqm56-9OSkV4"
"Sambal Kitchen & Diner","ChIJ7wBRgBgTdkgRcVmjZEPbTZk"
"Hyderabadi Biryani","ChIJzyvwa7ltdkgRY3LHCTGfDyk"
"Indian street food:- Jack & Jill Foods Limited","ChIJc_8Wla8TdkgRk2vE6tU8d6o"
"Curry Mahal","ChIJNf6NZSETdkgRqyBPbKxsP-k"
"MTR","ChIJt0FB_VATdkgRu9nq9LytdqQ"
"PBK Greenford","ChIJL9GVoa0TdkgRaVguG4CbR40"
"Raj Mahal","ChIJM3mi0NESdkgRulTjYLxhsng"
"Indian Gastro Kitchen @ Kingsfield Arms","ChIJ4fzgixITdkgR8dHi1tKcz84"
"Rangoli Food","ChIJjzvznFETdkgRTRTNO0cHj8I"
"Bhatti","ChIJL2mIIwATdkgRXIKGMQZKTL4"
"Adyar Ananda Bhavan","ChIJLafwdKETdkgR6LLL6vPo63Q"
"Bamboo House","ChIJUXK7lzYTdkgRbmi1F6lULPI"
"Bihari Samosa Ghantawala UK (Main Branch)","ChIJRV7Pg08TdkgRepIw0fkSlcg"
"Chatkaaz","ChIJExpRlCcTdkgRNohJbiQoWbs"
"Ruby M's","ChIJcTC7jTYTdkgR1UF5rRkvzmI"
"Hamro Chautari","ChIJGaUcJicTdkgR5xnvBIyHYUI"
"Shree balaji sweets and savoury Ltd","ChIJocCtSC0TdkgR2lJEZbyr-gI"
"Dosa Express","ChIJZxhKQMsTdkgRGmg0WuL4TvY"
"Simply Indian","ChIJO_1xBNVsdkgRRlz-bu1CwrI"
"Jalaram Virpur Dham","ChIJ19l1T-kTdkgROdjS6A5k3Ko"
"Taste of Watan Harrow","ChIJAx0BIjkTdkgRXv0skdfCIv8"
"Masala","ChIJCUlZRcNsdkgRze2Eei1xCoU"
"Kolkata Roll Corner","ChIJzy0ocQATdkgRyERx_HYc22U"
"Standard Indian Takeaway","ChIJJ_C8CGhrdkgR5UXTJFcMFQU"
"Taste of Persia","ChIJd2DGRLwSdkgRnlR1zg2sRIQ"
"Chennai Srilalitha","ChIJ_f0oQZETdkgRiVrjeIQkJx0"
"Salt Bar Restaurant","ChIJcUCi4BATdkgRqORPMjG4LhY"
"Chaiiwala","ChIJXdyEtKUTdkgRWovaxDbQQtw"
"Shreeji Sweets","ChIJdXDRcicTdkgR9gFu8yye6YU"
"Shami Kebab Restaurant","ChIJDdAJJLYTdkgRDaMZ-EgZi4M"
"The Maharaja Sweets & Savouries","ChIJbQ_aSkYTdkgRVNyLjThPrdE"
"Sid's Takeaway","ChIJ3_lxwMBsdkgRoKrVKCAVn2k"
"New Fame's Food Ltd","ChIJOTBCqDYTdkgROjAQv445hfc"
"Shree Sai VadaPav","ChIJO_NgbzYTdkgRWHs0LQQPu6Q"
"Sundarban Tandoori","ChIJu8tEH1ISdkgR4cuOVGAgM64"
"Tikka and Talk","ChIJA4d8yxwTdkgRlxJttXDNQr8"
"Royal Nawaab Perivale","ChIJv-ycvGcSdkgR9UlEzmIK1xg"
"Royal E Punjab","ChIJ0UFXRbwSdkgRjt86UtTmFeQ"
"Station31 Indian and Indo-Chinese Restaurant and Sports Bar","ChIJ22RXNioSdkgRMT1y1_liMo8"
"Himalayan Spice London","ChIJf6PFIAANdkgRxHAIM7T-hBc"
"Lazzat wembley","ChIJaQMCmzsSdkgR0eoTPeJTFV0"
"Koz Ocakbasi Restaurant","ChIJd7VdMP8TdkgRqtuxJ4bzyaU"
"Vasanta Bhavan Wembley | Indian Pure Veg Restaurant","ChIJGeQK7VoTdkgRVoZ8BruvLz0"
"Almahmud Restaurant","ChIJhX1XMJQSdkgRJjYz4sF2V7U"
"Dawat Bar and Kitchen","ChIJp9TYw_8TdkgRnP0efRqjI_E"
"Anandha Bhavan - Best South Indian Veg Restaurant","ChIJwwUY7n8TdkgRKX9Ljh_ZivA"
"Ram's Pure Vegetarian Restaurant","ChIJ9e5gNpETdkgRLV0-ka4t7vk"
"The Madras Lounge – Non-Veg Indian Restaurant in Wembley, Indian Food Catering","ChIJU1UO5voTdkgRrls_1PauXDQ"
"Bombay Chow Indian and Indo Chinese Restaurant Wembley","ChIJzcc358UTdkgRJ71C0Ai5yZs"
"Takaa Tak Indian Restaurant - Ealing","ChIJ-UTfMxoOdkgRH0rmv4WxLOk"
"Arena Lounge UK","ChIJ9VBVBLsTdkgRrJGmgnLrdgo"
"Hello Mumbai","ChIJ5x6rnLQTdkgRhPkGVnHfSsA"
"Sakonis","ChIJNydejzoSdkgRtm6OVYVsaaY"
"Diu Bar & Restaurant","ChIJvz-j2qkRdkgRfnfqenQRNZ4"
"Palm Beach Restaurant Wembley","ChIJE1ER3zMSdkgR5IKHDVUTuwI"
"NK Arya Bhavan Wembley","ChIJvbZbjy0SdkgRBCJpfMYR4X0"
"Mumbai Avenue","ChIJ7c45OqYTdkgRcFvo5UPK8vk"
"Asher's Africana Pure Vegetarian Restaurant","ChIJlRw_-ToSdkgR2VGE2jhXK60"
"Gana Restaurant","ChIJg1wxXjESdkgR8qyRlDaQsCk"
"Mumbai Local Wembley","ChIJtY97jjoSdkgR2gl8Uny2vBU"
"Mumbai Zing","ChIJIa5iWSETdkgRZMVddZSCMPo"
"Goan Spice Café & Restaurant","ChIJKakItCsSdkgRjk09EBWywsU"
"Monty’s Nepalese Cuisine","ChIJLY76B5ANdkgR2lrh_0eC_k8"
"Jishal Goan Restaurant Wembley","ChIJdVEk-zMSdkgRoUymcXlUVZU"
"Himalayan Restaurant","ChIJN69otLITdkgRMBvf1mAa0iI"
"Cross Restaurant","ChIJ9whXD3MTdkgRrsWEb7pHbu0"
"Ashutosh","ChIJpW_fda8TdkgRaHV1oQx3wjI"
"Secret of Mari Masala | Indian Restaurant","ChIJ0-xik2sTdkgR-4psVcCf5Os"
"Patel’s Food and Chaat - Wembley","ChIJCcNSUjwTdkgRCD6NTtEWzOw"
"Global Tandoori","ChIJ96hR1kESdkgRsg_cu1Jfvfk"
"KETRAJ","ChIJTUZkR3YTdkgROA2XFu4zdik"
"Lakshmi Chowk","ChIJ4ZelZABxdkgRM5vtNycYiYE"
"Wow Veg Samosa Gang","ChIJ2ZfalC49-ycR795e2ESEjI4"
"Chaskora","ChIJedpHSR5xdkgReqXQHph_QuA"
"Afghan bites","ChIJGUWh81JxdkgR6dRhkBH5Lf0"
"Drayton Tandoori","ChIJsWP1QlpxdkgR0ff6PsxxfK8"
"Let's Eat & Greet","ChIJpfoAHpJtdkgRX9p4FpFjS-c"
"Sweet heart t","ChIJAbLhy5pzdkgRKf_jT55_Atg"
"Go Sing","ChIJZ9JkK_9xdkgR_YhSLTZzF_8"
"Biryani Express","ChIJ26ABQElvdkgRy778sMoMVlk"
"Karachi Food Street","ChIJOWQ5ZGJxdkgRt3RV65rj2f8"
"Roomana’s Delights","ChIJRTbfz69vdkgRjHsKhcj-hhs"
"Briyummy","ChIJ5T_ISdlvdkgRqh9POf2FGEk"
"House of Rakabdar","ChIJa7wXfsZvdkgRaFOXlB-E73k"
"Mittee Indian Restaurant","ChIJXSc26SYBdkgR5aKD7FM0K0Q"
"Tamasha Indian restaurant","ChIJN6ffL0Gq2EcRfgDAR8jpC9o"
"Rangoli Nest","ChIJAQMKfUCr2EcR2UtqpGyJcF0"
"Madras Accent","ChIJVVVemF2q2EcR8fBFK3jvd8o"
"Ginger Indian Cuisine","ChIJIbnNmZqq2EcRtasrgxFbg_I"
"Shampan Bromley - Indian Restaurant","ChIJC00mZVeq2EcRnlLw4gmOmMU"
"New India","ChIJlZk-Z2yq2EcRbq-QbdqvVXc"
"Tiranga Indian Cuisine","ChIJhTCekW2q2EcRt_WkdlhKFk8"
"Yasmin Restaurant","ChIJhZY0FOKq2EcRY73kzclv0v8"
"Suruchi Bromley","ChIJbaAAP_wBdkgR0nJ1UU3oAtU"
"Copper Ceylon - Sri Lankan Restaurant","ChIJSbuHYWyq2EcRZFIEKVVlFs4"
"Pink Garlic","ChIJcYKlY1eq2EcRvn-wD7pRhLk"
"Mount Everest Restaurant","ChIJG-M-h22q2EcRGdseWXWcNY0"
"Mumbai Kitchen","ChIJAS7Sf1yq2EcROewvGuLKe6s"
"Mumbai Madness Hayes","ChIJpZvL5Tqr2EcR_07K6bW0uBI"
"Calcutta Indian Restaurant Petts Wood","ChIJSTGH9ACr2EcRuVW6rBUiGuc"
"India Village Bromley","ChIJ670B5IWq2EcRa57v2Bkomo0"
"Ganesha restaurant Bromley","ChIJq8XfOyMBdkgRmH3A_N4Wn3g"
"Bombay 2 bromley","ChIJf0do2BKq2EcRUuJ3-xkxDpI"
"Indian Essence by Atul Kochhar","ChIJZY2RbZ6r2EcR7DGI7Fnfo4A"
"Agra Beckenham","ChIJ90ROlLQBdkgRl_ZxwHKnrAM"
"Saka Maka","ChIJW1yQMk0DdkgRvrppP5rkRZA"
"Babur","ChIJw4LAETQCdkgR1C87idsdJR0"
"Papadam","ChIJDa8F-UWq2EcRFqs5ZPuJKEk"
"Spice Garden - Bromley","ChIJHycKOxiq2EcRp346TpnzpUI"
"Crown of Bromley","ChIJ8RkEtWeq2EcRi5Aag8cJR9k"
"Chaska Maska","ChIJ32gAx7ADdkgRtmbIdFdFdpo"
"Blue Taj Indian & Nepalese Restaurant","ChIJ0xroyF8DdkgRuun3_STTooQ"
"Gurkha’s Kitchen","ChIJcyXhgwyr2EcRpN6-esRxyTo"
"Little India","ChIJNXWNIp6r2EcRkx_-5VIRfMg"
"Jolpai Indian Cuisine","ChIJMdPftYOp2EcRiY-2YDOVRcQ"
"Ginger & Spices","ChIJ99cXONmr2EcR5WNkKLzlcJk"
"Bengal Lancer","ChIJ5wXJoeyr2EcRPFFioNRQAtU"
"Mountain View Restaurant","ChIJW_Q2_sKr2EcRCnWbI3L1lTU"
"In2 Papadam","ChIJq2AVfsEBdkgR4voPAKBLwBg"
"Nazran's Punjabi Restaurant","ChIJgzWCmDep2EcRpfokvqM6OUQ"
"Panas Chislehurt","ChIJOc9SYOur2EcRARzkARLF2lI"
"Flavours Eltham","ChIJieIA9Jup2EcRRAjx5bp3D2I"
"Monsoon Indian Restaurant - Indian","ChIJX_9OFAkCdkgRpLMinTFKg00"
"Ladywell Tandoori","ChIJb6W50msCdkgRiMFxqX8IB3Q"
"Cardamom","ChIJc5P81J-r2EcRU4_p-qpmBlU"
"Beckenham Curry Club","ChIJV2ovkKgBdkgRd43K72sHHLA"
"Paradise Kitchen Indian Takeaway","ChIJraSOsGEDdkgRyEwPD11YgWI"
"PANAS By Sujan Katuwal MBE","ChIJ81rmZ9mp2EcRLHBcEBC_7YY"
"The Saffron Club","ChIJp4ljDdGp2EcRMGryYesvSwQ"
"The Raj smoke and grill","ChIJ0_qR2Z-r2EcRzXiOR0lMBVg"
"Indian Summer Restaurant & Takeaway","ChIJN7SDj8Sr2EcRhE2FVTTJr54"
"Tiffin Choice","ChIJAS6SWFeq2EcRiZJiiZnyCS8"
"Everest Curry King Restaurant London","ChIJQclL6WYCdkgRUd3egjHY1yc"
"Himalaya Indian Restaurant, Lewisham","ChIJQRNVQhMCdkgRxJGEUhjKivY"
"Village Eat Inn","ChIJ9R8NXgWp2EcRxAeCHZ2Skeg"
"THANJAI CHOLAS","ChIJ6XyDhCwBdkgRTHSBzKo71jM"
"Taste of Raj","ChIJ1W-BYdGp2EcRq6GXnlqcKGU"
"Sajee South Indian And Sri Lankan Cuisine","ChIJPVsMg3ACdkgRKX31-id3fqk"
"Zeera Indian Takeaway Grove Park","ChIJL5CpVZep2EcRKO0pqab2OFQ"
"Bengal Brasserie Hither Green","ChIJw2CKzOGp2EcRQMCZCX0Idhg"
"Curry Cottage Of Beckenham","ChIJq0UVpr8BdkgRIK9wpKNEx0w"
"Papadom palace","ChIJG5LhWcKr2EcRDG9kmt6_7YU"
"The Amber Fort","ChIJnZAGq60BdkgRjeqw8qtlF0g"
"Lazeez Takeaway","ChIJk1kx9Zqq2EcRUOeca7S4yIA"
"The Bombay Restaurant","ChIJDyTpQVSr2EcRIiqXXeaY-9M"
"Cinnamon Culture","ChIJV2XjyxWq2EcRwFfs7TBuuyw"
"Shortlands Tandoori","ChIJmWS8NXSq2EcR-hIF0MXdYAM"
"Kathmandu Masala","ChIJOS2b958BdkgRELsJq1wwjcQ"
"Shaon Restaurant","ChIJDc31P8Or2EcRC9p_qRtjJJE"
"Village Tandoori","ChIJM0BgppEDdkgRI4jtOHNUMmc"
"Pure Indian Curry","ChIJFSLmwjYBdkgRb_kgmDX9_ho"
"Taj","ChIJ41FeQgCr2EcR6Nx-Xt9TAAk"
"Ishaak","ChIJ3w_RcgCr2EcRD8EKQSmfU-w"
"Village Cuisine","ChIJi7NnUUar2EcRmXb8kr5updg"
"Tugra Restaurant","ChIJI4xmmpqq2EcRCSpo6eXO5NQ"
"Greedy Chef Indian Takeaway","ChIJVxaBRtgDdkgRiROB3Bmwkgk"
"IN2 Kitchen","ChIJpXp___oBdkgRGlDy-1M_1ZM"
"Apna Indian Cuisine","ChIJ6c__3CIBdkgRv9f4yL7YqwY"
"Mount Masala","ChIJ-6pNT-cBdkgR5vPZWFZV7f8"
"Chai & Chaat","ChIJcch77NkBdkgRQuTqJcZZ8vg"
"Gurkha's Nepalese and Indian Cuisine","ChIJNZNZ0H4BdkgRhg8TUCsRTZU"
"SPARSH - Best Indian and Nepalese Cuisine Restaurant","ChIJbYuPKWoDdkgRwVxpAzpxr00"
"Himalayan Kitchen","ChIJc9antXYBdkgRo7fbLhBu9aQ"
"Hisar Meze Bar Beckenham","ChIJO3gOWrwBdkgRh5DAe4AiobE"
"Mumbai Express","ChIJq6qtH6IBdkgRkiOvBIhSqKs"
"Rikshaw Indian Restaurant Norwood","ChIJuTTHjBkBdkgR_0aa111QiN0"
"SAM'S HYDERABADI KITCHEN","ChIJA8uQTyIBdkgRW1MWnxHzpCM"
"🔥Shahi Food Zone🔥","ChIJTe5IjIcBdkgRj-DQvVY4ido"
"The Madras Restaurant","ChIJi6nLPW4CdkgRBkXEMK6FHRE"
"Palace Spice","ChIJXc5QWkUBdkgRoBXMc4lFQms"
"Koz Restaurant","ChIJs1aCV74BdkgR6D3Vaq-pJAU"
"Penge Masala","ChIJnySsu3EBdkgR3_K80TC93Bk"
"Timur","ChIJLXX1r3YBdkgRI9D5Thy_1RA"
"Vujon (Croydon)","ChIJAeWituYAdkgR6nrCeFx3JBs"
"Imm Thai Fusion Beckenham","ChIJJX2aUKcBdkgReKskaQaHyx4"
"Zafran, Indian Restaurant, Croydon","ChIJUYZaPecAdkgR7136mL-LaWQ"
"Degchi London","ChIJuUTJbgABdkgRFfWAl0SHQw4"
"Millennium Tandoori","ChIJ3ROr3IYBdkgRz5W4owE0_30"
"Planet Spice, South Croydon","ChIJ91D3d3kAdkgR9hrTXf9MbH8"
"Barakah","ChIJQVk4yYYBdkgRFvOfQVtyxBQ"
"Talli Kitchen - Indian Restaurant Orpington","ChIJOYXYtUit2EcRNtAV45TxDe4"
"THE CORIANDER ORPINGTON","ChIJaYmZQSKt2EcREBa4DHRdgMc"
"INDIAN VALLEY RESTAURANT AND TAKEAWAY","ChIJbehAFg2t2EcR9tL3WOG0AUw"
"Indiya Bar & Restaurant","ChIJ181_QQCt2EcRePm68Pp5NbY"
"Orpington Citi Kitchen Petts Wood","ChIJYwmcsb6r2EcRrUTZ8hJCCMs"
"Orpington Citi Kitchen","ChIJ0yHzHm6s2EcRg0yy7YlRKP0"
"Flavour Of India","ChIJl11_BHKs2EcRSY8MSUxdkjw"
"Saffron Indian Diner","ChIJL1E18JWu2EcRhWQjLij47Go"
"Masala Dabbas","ChIJ9WxWbJys2EcRLD1UHjYSyXE"
"The Taj","ChIJG2JnA3Ct2EcRwzH4C0wnoJw"
"Chandni Indian Takeaway","ChIJNc2cJIWs2EcRgIFcxhbSpik"
"Smoke N Grill","ChIJEV4RpkSr2EcRKVeSparxORg"
"Simla Balti House","ChIJoaFB6mKs2EcR_l3Tg-uEHeE"
"The Peshwa","ChIJY_L9n-Kt2EcRZ_ZG5sKivsg"
"Crispy Dosa Orpington","ChIJMwT27Yet2EcR41MQSDev3dg"
"Ramsden Tandoori","ChIJ2we-3met2EcRn_okMFCC0UU"
"Royal Radhuny","ChIJWbn9KMGt2EcRmaY-Rbp9MEA"
"Darjeeling Indian Restaurant","ChIJG2CjWAOs2EcRZjp8bDGgnsU"
"Green Chilli","ChIJK_TX81ar2EcRmLMNUxGobwk"
"Pink Olives","ChIJZReGHo2t2EcRmN9sZZ5Zrf8"
"Moghul","ChIJ_3rW5QOs2EcRFUU3KMa0S2M"
"Bay Of Bengal","ChIJuaO48ZWu2EcRpZ50MkH8A8k"
"Khana (Sidcup)","ChIJI2fSPzqv2EcR7rAgRL6t_oQ"
"Zaika","ChIJPUyJwo2t2EcRmY_XI2gCvGM"
"Le Spice New Eltham","ChIJibZqfF2p2EcRzL99UoDNWyE"
"Jalsha Tandoori Restaurant","ChIJ4T4tMqmu2EcRb45KlIgOYQI"
"Curry Mahal (Sidcup)","ChIJ9cOUyqmu2EcRz2njW334TDA"
"The Oval Brasserie","ChIJgwMZ3bCu2EcRdBZUFe4GRvc"
"Naz Balti","ChIJ_7wD04Ss2EcR4wCdZKxiIdw"
"PK Indian Takeaway","ChIJxV481zCt2EcRBU5kLj7TOdA"
"Bengal Tandoori","ChIJtYIwcTys2EcRnYNnuOJsraY"
"Isha Spice Nepali And Indian Takeaway","ChIJCwfwkVyp2EcRVxIAkOlhd5I"
"Rannah","ChIJi_GAZP2r2EcRLAijmxGQOQs"
"Maharani","ChIJWy_GH06p2EcRQLKgYz_xGRw"
"Mahathma Tandoori","ChIJazFN20ep2EcRyotu_A4Uhhk"
"Star of India, Eltham","ChIJvfFEvGyp2EcRQCcFrTbPCwE"
"Dil Tandoori","ChIJrSyzPyuq2EcRNaO3q4yaMfk"
"Yak & Yeti, Eltham","ChIJQU7xZnOp2EcRllltgMRFqcY"
"Navaratna South Indian Restaurant, Croydon","ChIJ4fzfKUoHdkgRL0iiGxdXEpk"
"Tindli by Chef Karnavar","ChIJ24w_u1IHdkgRynXb5-cWQ4o"
"Saffron Indian Restaurant","ChIJTRAKmCQHdkgRojkRIAyhwmA"
"Aachi's Indian Cuisine","ChIJbcLJTewHdkgR3Hl2A5Cebd4"
"Kalyani","ChIJy1KxRAAHdkgREGvyBJ9VRpQ"
"Taste of Kerala","ChIJweiQwCYHdkgR7aXvUDBD0ko"
"Chilli & Spice Indian Takeaway Croydon","ChIJgQGDzN8AdkgR6Dj-tzhXZgY"
"Ashva - Indian Restaurant","ChIJ6S78pckBdkgRDusarwkDqJk"
"The Tava Shop Croydon","ChIJgXHSxKgHdkgRpdPBK40DdLk"
"Indian Kitchen - Croydon","ChIJk14mPb4HdkgRf56qXkgMQxo"
"Dosa Kada","ChIJAbLJKyQHdkgR54_EDBdSnmI"
"Fillings Croydon Indian Pakistani Restaurant","ChIJ06zv1PgHdkgRF7f3glVkl04"
"Sangri Bespoke Indian Cuisine","ChIJDaZP_TUHdkgRgM3NmOGuO_Y"
"Samsara Indian Restaurant & Bar","ChIJpeF-hFb_dUgR7zPQpnHlQKY"
"Rio Lounge - South Indian and Sri Lankan Restaurant","ChIJDVfNE8IBdkgRPSE7Y771gt8"
"Chai Kadai Croydon","ChIJlS0TAAAHdkgRyPwu58LXzDE"
"Dhinchak","ChIJM69OegsHdkgRdwM6GVP8mp8"
"Chat House Indian Restaurant","ChIJwwqK70sHdkgR-sVduFxCdbo"
"Imperial Lounge & Restaurant","ChIJVbbX7WcHdkgRmhepgxxJHwU"
"Peninsula Croydon","ChIJSSe7ULkHdkgRmP9wmEiLr8k"
"Tindli Express","ChIJBccbOPMBdkgR05fgNgNww54"
"Paratha Inn (Croydon)","ChIJLYboq_4HdkgR1JxFMGLE14E"
"Panahar - Bangladeshi & Indian Cuisine","ChIJczyG5kP-dUgR3NGpMddKk1E"
"Shree Krishna Vada Pav (SKVP) - Croydon","ChIJqf4RirkHdkgRCG7F83c7mU8"
"Rupees Grill","ChIJ98afivYAdkgRfN9UHgUlMyI"
"Halwa Poori House","ChIJeXiTFugGdkgRxrYrK08k4Hc"
"Passage to India Takeaway","ChIJK7zSnlYBdkgR29YVMfHSu8Q"
"SHASUAH","ChIJ9ZvFj9EAdkgRDgwVyMqgaSk"
"Selsdon Spice Croydon","ChIJ165_4yb-dUgRks233tscNS8"
"Spice n Ice","ChIJ8b5FVLQAdkgRJDOJEaaDH-I"
"Royal Tandoori Selsdon","ChIJCZBrtif-dUgR9O6unTp2rm8"
"Eastern Cuisine Indian Takeaway","ChIJj1SByFABdkgRWTK1jeN3Xqg"
"Taste of Bengal","ChIJ7R7pSFUHdkgRrFGUZ9GdNHw"
"Santok Maa's Bhel Poori House","ChIJARGSud0GdkgREKsGkBIwQZc"
"Sanderstead Tandoori","ChIJE017NlUHdkgRVfs-wH50C6w"
"Atesh Turkish Restaurant (Croydon)","ChIJAzMP5DUHdkgRQlhPPHM3LnI"
"Gurkha Spice","ChIJFXgPBVQHdkgRyzmJwTgBfM8"
"Sambal Express Croydon","ChIJBd4o7GwHdkgRLRiQcIvjPB8"
"Sitar","ChIJiZIN3yIBdkgRNvczZZXE2NE"
"Crown & Pepper Croydon","ChIJuTBwDjYHdkgRRnLdZvlVGJw"
"Abshar Restaurant (Croydon)","ChIJV1yDLEoHdkgRNNTbUmEcCp4"
"The Coriander","ChIJ90bHmEwHdkgRBlYg9Z35cmw"
"Vindaloo - South Croydon","ChIJy-_bowsHdkgRJ6iH1YRN82M"
"Spiceland","ChIJE5KmjyUHdkgRVj9LyJsgzqI"
"Passage to India","ChIJpV6YUOACdkgR3ANIe1rKKpE"
"The Spices","ChIJf8TZj1gAdkgR2ho0HzGO0bA"
"Zaika Croydon","ChIJMYsM6S8HdkgRx15XznYtI3A"
"Tokia Square Croydon","ChIJ227RV98HdkgRIkHajW-20QU"
"Surrey Street Lounge","ChIJMwyqKmIHdkgR50HWfOmU5U8"
"Amera Rani","ChIJcZcB7FMHdkgRM1neIbDl23k"
"Dera Niazi","ChIJN890IzAHdkgRbx8E-E5o84M"
"Shah Karahi Halal","ChIJyz2BbQIBdkgRpP0GZ_RsBPo"
"The Gurkha Naan Nepalese and Indian Restaurant","ChIJbcAEv179dUgR8AJ9HD5SN4Q"
"CRISPY DOSA CROYDON","ChIJgdaLtDwHdkgRVpViUUv9FH0"
"Amelia's Wild Spice Kitchen","ChIJBaBLbwD9dUgRkl6dsWFdkIU"
"Mazala Indian Takeaway Croydon","ChIJH_MV9dEAdkgRhVCZhaBrp84"
"Chennai Dosa Croydon","ChIJTf72bZsHdkgRhmtHsLHrCb0"
"Butt Karahi Croydon","ChIJz1OQRUQHdkgRjeOmlFxHeGk"
"The Indian Lunchbox","ChIJR471PQAHdkgRjC1_z4WGtCQ"
"Rotti Mama","ChIJVRBDwSYHdkgR2bYvOrPuXI4"
"Rajeev's - Authentic Indian Food","ChIJswuk6EP-dUgRRNaRn5j0RZw"
"Eat More Peri-Peri","ChIJqxQRXtwHdkgRQm5nrdD32hA"
"Asif Balti House, Beddington","ChIJo8PyKXMHdkgRgVNM3EPs59w"
"Mojito49 Sanderstead","ChIJP1toyCz_dUgRmQvv9YNazE0"
"Serendip","ChIJm-A6yX4BdkgRXWl8t_LoPXM"
"Kothu","ChIJweM5OAAHdkgR-N4eKq3nC7E"
"Dawat Express - Selsdon","ChIJHXIhUlj_dUgR4BqBN3UyXas"
"Spice Express","ChIJLxuL0TYHdkgR65Zd6l74ONU"
"Papadom","ChIJ__98vtwAdkgRADDIQU9VQQY"
"THANJAVUR FOOD LOUNGE LTD","ChIJf4whtp4HdkgRZ1Q2X7e-zr0"
"Curry Leaf Coulsdon - Indian/Bangladeshi Restaurant","ChIJK_MxB0r8dUgRmanAzu-HJ4g"
"Kanteen","ChIJeYEQ_x8HdkgRIiXe3QLCemo"
"Southern Chef Kitchen","ChIJtQ6aabYBdkgR7V7PJ6iMljk"
"Rockit Boxpark","ChIJrU75G6QHdkgRYpzo0OffVcU"
"Alees Biryani","ChIJw4eYwSUHdkgRZrV_Bgu_Hs0"
"Himalaya - Tandoori Take Away","ChIJc7G_nO39dUgRqW8oj9VYme0"
"Bombaylicious Coulsdon","ChIJK1aSBgP9dUgR5YjyjfN766I"
"Le Raj Tandoori Nights","ChIJPRkRQ_f_dUgRbz-MKA1BaxI"
"Ceylon Cottage","ChIJ-4NkKQAHdkgRY5zL1kxmlJw"
"The Ravensbury","ChIJ_dcOIKIHdkgRZ318cZFcfOs"
"T. Raj","ChIJmyjaIKH9dUgRSABk6aeeD2c"
"Fillings (Indian Street Food) Coulsdon","ChIJ-_R-kyf9dUgRj4NuwFbzPkE"
"Kavi Cafe & Restaurant","ChIJyYRr4yr_dUgRmfMY65JA8bY"
"Biriyani Junction","ChIJAQAMzygHdkgR0OIzlZNS2CU"
"Sitaara Delight Indian Cuisine (Fastest Delivery)","ChIJXb_smFX9dUgRuEXWOFJ__yU"
"The Green Tandoori","ChIJw5qJQh8BdkgRHxDkMOVcfTk"
"Bengal Bliss","ChIJJedOS0P9dUgR4UftJebmQJI"
"Biriyani & Dosa","ChIJDd-DRekHdkgRx5-jiSLTCWE"
"Raj of Purley","ChIJpwwD2Yz9dUgRNy1EQSX4Tk8"
"Casuarina Tree Restaurant & Bar","ChIJZwJaizAGdkgRTlD_WcWff_U"
"Kohinoor","ChIJOZ7t9VcGdkgREYQBZBu8IwU"
"AK Kitchen","ChIJKZjx4NMHdkgR6fEI4AE6Z9s"
"Chak 89","ChIJsaSRNz4GdkgRq4uEWKRmFbA"
"Crown of Mitcham","ChIJlWBeTEsGdkgRjqD24CLXB2k"
"Dawat Express Mitcham","ChIJ75G3cvUHdkgRcX0BOVIBMY4"
"Colombo Restaurant","ChIJg3jTb0AGdkgRlLZNr51pTqI"
"Bawarchi Indian Street Food (Vegetarian)","ChIJI5BUX5kHdkgRUFw1cHTvi2I"
"Rishi's in Slate & Grain Brasserie and Bar.","ChIJj0Tgh7v9dUgRtKBtZ4WOgxM"
"Desi Chaska Thornton Heath","ChIJH83y2v0HdkgR9qpootUWadY"
"The Princess of India, Indian Restaurant, Morden","ChIJC7Dv0ZoIdkgR3pbRbhidkbg"
"CR7 Lounge Bar & Indian Restaurant","ChIJrWFgChEHdkgRsgKWt2uJQtY"
"paradise biriyani pointe Wallington","ChIJ8c6Lp8sHdkgRmt3TBxpo3ec"
"Momshad Indian Take Away","ChIJTb8J6h0GdkgRp_piedvOreU"
"Tharshini's Takeaway","ChIJ7dBdP1YHdkgRUeOK6M6cGtw"
"Tabaq Events","ChIJ28M0DyoHdkgRIF8Q62HICe4"
"Asia Tandoori Restaurant","ChIJsSzPjrAHdkgROIBkuqN_jaw"
"The Mahal - Indian takeaway & home delivery","ChIJVfqZY5wIdkgRySV3pEqYk9Y"
"The Grange Restaurant","ChIJQ-Rbspt6dkgRpixPqEtw68Y"
"Simply South","ChIJJe7CpQ8HdkgRpKk5A-oMoo4"
"Cinnamon Cottage","ChIJ7wjwQJQHdkgRq4CbIcj1v1A"
"Monkeys Indian Takeaway","ChIJq6rafKUGdkgRnMLANV_I6pE"
"Indian Oasis, Indian Restaurant, Carshalton","ChIJtZl1tpUHdkgRtvAqd-RXvV0"
"Tandoor - Authentic Pakistani Cuisine","ChIJd-P9qpQGdkgRVPdXN1xKgsc"
"Kaptaan's Biryani Norbury","ChIJm1UguzAHdkgRJtEr5BkAGxM"
"Tandoori Corner","ChIJrZHs1N0GdkgRa8qRuY-zRV8"
"The Gaylord Restaurant( NEWLY RE-BRANDED AS MIX N GRILL INDIAN RESTAURANT)","ChIJ8V_715sCdkgRuFV5R9pkrHA"
"Halal Restaurant","ChIJAcs4hEoDdkgRaVt518Nf8fE"
"Slate & Grain Brassiere & Bar","ChIJg0Y6J5QHdkgRiXN-hk7pIxU"
"Amrutha","ChIJiSGXNhYGdkgRnpnw1YxNrqo"
"Coulsdon Spice","ChIJPezdqqv9dUgRQInLTqkhHAk"
"Chipstead Tandoori","ChIJhbCovib9dUgRVfMbf6NPHjo"
"Shakti Paan & Food","ChIJSZaPsScHdkgRAH1Hldo2nlw"
"Chatar Patar","ChIJET4XNu4HdkgR9tmjhmlQsA8"
"Ms Darbar Hyderabadi","ChIJfcrxpw4HdkgRJu7xGelPa0s"
"Swad","ChIJbzE_yN0GdkgRvOpjvr8kB08"
"Santosh","ChIJ8e8FyN0GdkgRrq1Cu00c16M"
"Sankalp Sweets","ChIJ1Vd-x90GdkgRlLQUcOFmiV8"
"Best Tiffin - Indian Tiffin Service","ChIJhxPtiP0HdkgRWPWMmUix4eU"
"Chaiiwala","ChIJc-sXeikHdkgRCHLSheKEISE"
"Mirch Masala","ChIJ41nLrZQGdkgRPPvKB3mqBMQ"
"Mango Lounge","ChIJ-WvL5pwHdkgRBJxPSX70gRc"
"Blue Bengal","ChIJz-SEyZUHdkgRuFiOrhKtZXk"
"MW Eat","ChIJx1KNojQFdkgRaQtevn4ZDyo"
"Grand Cholan Canary Wharf","ChIJvxvildEDdkgRhUH3CDOt5LM"
"Himalaya","ChIJjQY85oin2EcRYYGeFgcdoz4"
"Café Spice Namasté","ChIJTfPydkoDdkgRhLWVO1ym3xg"
"Zodiac Bar, Club and Karaoke","ChIJWYPhVhAbdkgRMDLuHEJSbmk"
"Masala Inn","ChIJR_Lxevau2EcR4DUC3959t0c"
"Spice Brasserie","ChIJpdbkErWv2EcRVSlhleB_fKo"
"Onamika","ChIJaxn3tU6u2EcRPhuzyy8aK7Y"
"Rahmans Kitchen - Bexleyheath","ChIJ44DOxVau2EcR0wH8rxI_t1o"
"Belvedere Tandoori","ChIJ04ND_6Wv2EcRWMmy7QspHUs"
"Jalsha Tandoori 2","ChIJEQkBuQGv2EcRxLZ7R5cwB_E"
"Baltizer","ChIJOc6hynqu2EcRdK0hng_Jz1c"
"Jugaad Kitchen Indian restaurant and Takeaway","ChIJaxAumuyv2EcRFK0Wx5I9Piw"
"Chilli Chill Indian","ChIJc98sCLiv2EcRXl9554RyB2A"
"CHILLIKA - Indian Street Food Restaurant","ChIJB3Ytfs6v2EcR7WgWXhwlnrc"
"Shampan Welling - Indian Restaurant","ChIJ7XKkWsuu2EcRAow-XZv8Js8"
"Mahan Indian Takeaway Joydens Wood","ChIJl-Vv2OCt2EcRNkO7FEznJb4"
"Shahi Spice","ChIJS4mnCQCv2EcRtS7ejgRNZZo"
"Kesar II Punjabi Restaurant - Bexleyheath","ChIJ4eRKVQyv2EcRh_YeeJW3iw0"
"The Parakeet Pub","ChIJnZet8bsbdkgRN6CDJw7msAw"
"Maharajah of Bexley","ChIJS95AKmWu2EcR0vhLJcrzjOQ"
"Dawat Indian Restaurant and Take Away","ChIJq6zQI7iu2EcRh5k_DHZUpWY"
"Khazana spice","ChIJ-yyFyuKt2EcRx5rFMmkATcs"
"CUMIN INDIAN RESTAURANT","ChIJb4YZkgav2EcRy2szsSmUbO0"
"Indian Gourmet","ChIJq4cOIv4DdkgRoPoYf63D5q4"
"FAMILY DINNER LTD","ChIJMXzCY7ep2EcRpmrFq0r5VXk"
"Paradise Biryani Pointe - Welling","ChIJg9TZWwCv2EcRLGEjMq0pZH0"
"Devi's Corner Indian & Nepalese Restaurant - Welling","ChIJtwW-foqv2EcRAHWyVWStd5Q"
"Ruchi Restaurant Ltd","ChIJhwZFnJyu2EcRQ8eEg_sLn5g"
"The Jasmine by Spice Nouv-Oh!","ChIJFWxB6OSo2EcR80OnT3lDwt4"
"Saggor Tandoori Restaurant","ChIJq6dbQJSu2EcRX3OR0c9OIJ8"
"INDIAN CURRY CORNER","ChIJ4RJblPqv2EcR2vCqLpXs-Yg"
"Maya Tandoori","ChIJmcC45_6v2EcRuSDTa7MhB6w"
"Moza Spice","ChIJrxtDNrau2EcRroqRVJVjb5c"
"Base Camp Lounge & Restaurant","ChIJKU6yIr2v2EcR-acUvxXHtag"
"Eastern Curry","ChIJK7FJ79uu2EcREFU4zugBNMI"
"A&N Kitchen","ChIJqzqeeH-v2EcRAFKuvLKMVh0"
"Indian Cafe","ChIJq4a6VwCv2EcRl3wJofOPgBE"
"AAYAT Indian And Grill Restaurant","ChIJcR3cISep2EcR9xJuM3J-bcg"
"Mint & Mustard","ChIJxYJ67XCv2EcR9A2-fYtx0tU"
"Al-Rathai Thai Cuisine","ChIJh2U39DOv2EcRJI1M2S6RJaw"
"Curry Bay","ChIJ8eo8S5ap2EcRw7xc8kZgsdc"
"Nepalaya Kitchen","ChIJwx6EQQCv2EcRCIleRzVtcis"
"Kailash Momo (Welling)","ChIJiykIzLev2EcRkvEWp4dACcw"
"Bengal Spice","ChIJUUV4IdKu2EcR33J-4N8Rjy0"
"Joy Spice Indian Takeaway","ChIJd1496tGu2EcRFIxQ0gQh2HA"
"Rice and Spices","ChIJD2wFo9uu2EcR-YSb8gcu7b4"
"Falcon Grill","ChIJZdGkj0Kp2EcRiIRED0auyOM"
"Spices Indian Takeaway","ChIJ6UUTvRyv2EcRkFwBkEMaoEY"
"The Taj Mahal Abbey Wood","ChIJiXYaQRSv2EcRHGvmGO_CFuE"
"Spice Of India","ChIJUSOTSPqu2EcRBJhR-Wo99DI"
"Aligor Restaurant","ChIJt5ijsPau2EcRE5D4pTp4H1Y"
"Buddha Nepalese & Indian Restaurant","ChIJD6MfKV6v2EcR4DQAIHWNanU"
"EVERFRESH INDIAN STREET FOOD & PAN CENTRE","ChIJJZqrv8yo2EcR6Ia43fX9-o4"
"Maya DD's","ChIJdR8Jhumo2EcRwYIBAKfj4CM"
"Café raj","ChIJKUMAdgmp2EcRgmtB8XNo5Gc"
"Rahmah Tandoori","ChIJ-b_pwS2p2EcR8YlVwqqDT4s"
"The Very Best Curry's Tandoori","ChIJ5zXiwUep2EcRG7UIoHnVLBs"
"Pokhara Vibes","ChIJH_erDP-p2EcRxHTzIwEVmY8"
"Punjabi Dhaba Hallal","ChIJ26sfd8yo2EcR5GJVMH1ke34"
"Cafe Eltham","ChIJextWqAap2EcRU2QhP8OvYkA"
"FLAVOURS OF SPICE","ChIJUbJ9wPKv2EcRTVwPcQ83NMg"
"Root of Spice","ChIJmyDNJqyv2EcRP_8p6u0y18w"
"Pink Pepperz - Belvedere - 20% OFF on our Website","ChIJASgBwdav2EcR7a9R1yREt_Q"
"Suha's Kitchen","ChIJzUxfPJKv2EcR1PIQbZ83CYs"
"Viceroy of India","ChIJJ52Hrnqu2EcRM0A7kntB6aU"
"Spice King","ChIJm74vNkav2EcRmpLYY9vB6xE"
"Atcha","ChIJ-eE-FFYddkgRfXTXV-Ze68E"
"Radhuny Express","ChIJo1qwWvqu2EcRfpvxy0_oM4Q"
"Meghna Tandoori","ChIJgQFspjGv2EcRTYYXQ03Mlv0"
"Kesar Punjabi Restaurant - Charlton","ChIJ0QR3dTSp2EcR_4MF85PtcL8"
"Belmont Balti House","ChIJIwKgU0uu2EcRwwipuKa5qBc"
"TOPKAPI GRILL & MEZZE","ChIJte-v_hqv2EcR_WzXh1Beo0g"
"Hazine","ChIJAwdoSfGu2EcRDUeqB9L-U60"
"Daiu Bexleyheath","ChIJ3W2yqjKv2EcRX7uvX35lzck"
"Yogi's Biryani","ChIJaSFIQHCv2EcRFQl-oCwlWS0"
"The Darjeeling Restaurant","ChIJtfvH4XYCdkgRVubBgwb0MBY"
"Gray's Inn Venue","ChIJLa4i7ksbdkgRKQ7cguJXSq8"
"Himalaya Restaurant & Takeaway","ChIJ8aspPrun2EcRZOWrxR-sC-Q"
"Parsel","ChIJ0R2RESav2EcRn-mKcDzbFT0"
"Motu Indian Kitchen - Canary Wharf (Delivery Only)","ChIJ05HFtq4DdkgRCjz4Xhf5wjs"
"Khana Khazana (Halal Restaurant/ UptonPark)","ChIJl259m7mn2EcRQ-5QulFR-nM"
"Beleaf Vegan","ChIJPzBYdyYbdkgRYe7yLmWHfhU"
"Empress Market","ChIJy4KHYOYcdkgR8R7RoH4lwrI"
"Jade Garden","ChIJ6UdL17Sv2EcRrPy8K1xpfmk"
"Mithai Foods","ChIJo2STeGSv2EcRkvWxkgy9D-4"
"Takeaway 24/7","ChIJpUWQmEWv2EcR7RXRLurAyAQ"
"Al zayt Restaurant","ChIJczLSA1Sn2EcRPzuuETIeuwY"
"Clay Kitchen","ChIJ8bzvKbIDdkgRwfgghSKq8o4"
"Masti","ChIJewuBzjMSdkgRxD1HOSjSuYM"
"KOKUM","ChIJjyeC74cDdkgRLcXTmik2nvE"
"Chaska Maska","ChIJBSWaYgADdkgRAKcO4-Dy1gw"
"Everest Inn","ChIJxx7OfNGp2EcRLUrgwrRvkJQ"
"House of Spice Erith","ChIJY1mTqdGv2EcRxXj-mGRyDk4"
"Mumbai Square Restaurant","ChIJ3XSYrLQcdkgR0VYb0gWbzXw"
"Preem Brick Lane","ChIJYc4y4LUcdkgRTs-ySnjz5qI"
"Sylhet Nights","ChIJdwE8ffgddkgRxM1V44T35iM"
"Zaiqah Royale","ChIJZ9q7WQAddkgRTnfchz4LMbY"
"Chapati Man","ChIJJ3IMZVEddkgRz-Xgu8h5-BU"
"Dosa World","ChIJY9beCbYcdkgRh-_PoQXvJyI"
"Tifinbox - Indian Street Food","ChIJ_e1WZrMcdkgR4pdjLlIcHd0"
"Quintessential Bharat","ChIJcR3DziYddkgR5MT6WKcm6dU"
"Desi Lounge - Indian Restaurant Tower Hamlets - Events space hire East London","ChIJod4m7MsddkgRFxjhgioaWtM"
"Dhaba Kitchen","ChIJ7xr_pjMddkgRkEtSwTQXkEM"
"Delhi & Co.","ChIJjeg9o7IbdkgRAZUw2fxwAqQ"
"DEVI DHABA","ChIJ5XXX0T4bdkgRMuUY0NgGXR0"
"Chit ‘n’ Chaat","ChIJL5rT5u0ddkgRWTRkUOKM2no"
"Dilpasand Restaurant","ChIJVyDkgCQDdkgRFhj8Id1ryLc"
"Calm Indian Cow","ChIJLYXtM4cddkgR9NvAzLGk-DI"
"Gunpowder","ChIJA3MOaLQcdkgRlkFw-Mm0_jM"
"1947 Restaurant, Bar & Pizza Kitchen","ChIJWV-4CDAddkgR81QyqjUCuN8"
"Dilchad Indian Restaurant Spitalfields","ChIJ5RaXpLMcdkgRYeSvhlFPPWc"
"Jasmine Indian Restaurant","ChIJE8kIC7YcdkgRWJxKYmZACE8"
"The Palm Indian Restaurant Limited","ChIJJxrEHNQcdkgRr0udpyx-ejw"
"Mr. Bombay","ChIJe6WrHQ8ddkgRwtoQ083q894"
"Lahore Kebab House","ChIJQz3wNTMDdkgRYiTWfQvnb3M"
"Simply Indian","ChIJO09251gDdkgRxl1pmNPGgVM"
"Anokha London","ChIJn3iqBk0DdkgRTLexlVj6nQU"
"Silka Borough Market","ChIJu_J6ZVcDdkgRkD2afZ4eMfc"
"Bangalore Express City","ChIJOcMzGboEdkgRnQBMyiHdSYE"
"Chaiiwala","ChIJ5b8xt9IddkgRoBGP1-f74zc"
"Rajboy","ChIJURBaedMCdkgRpc5q-l-q8ZM"
"Zaiqa London","ChIJ9ckFZC4ddkgRHwCtWxWQYfA"
"Sonargaon Restaurant Whitechapel","ChIJdYPbRswcdkgRKsbMorCbXWk"
"Bazaar - London's Indian Takeaway (Aldgate)","ChIJFd9iuaUDdkgRA6P8FsMuKCg"
"Diwana","ChIJlf2RaSYbdkgRGVH98F2m38w"
"Tiffin","ChIJI8gvITMDdkgRFWUjfbaF5og"
"Ali’s Indian Restaurant","ChIJRcBEZVMddkgRggayED_ZsuQ"
"Indi-go Rasoi Old Spitalfields Market","ChIJ____-rMcdkgRphk5oS8j8yM"
"Cinnamon Kitchen","ChIJfwbVIbMcdkgRxcYtZZ6iW80"
"Naan Staap®","ChIJGcR2aQAddkgR7knRhuQi_HE"
"Biryani House","ChIJD2r5ptYcdkgRwgID-XSHelM"
"Sangeetha Indo Spitalfields","ChIJfb-PnpUddkgRmtN7ybqv3eo"
"Indian Greedy Cow","ChIJ3QGYy8AcdkgR2Yh2CQWgndQ"
"Bismillah Restaurant","ChIJQxY4ScwcdkgRQReySVaXbHQ"
"Feast and Mishti","ChIJ6ejhxs0cdkgR5B5LSZP8lfE"
"Haji Nanna Biriyani Whitechapel","ChIJi2BM4socdkgRb8d93dqGqf0"
"Holy Cow - Fine Indian Dining - Indian Restaurant & Takeaway in Limehouse - Canary Wharf","ChIJydpHnVwDdkgRqeA2QepbMNc"
"The Rajasthan","ChIJzaY8hlEDdkgRcHCYojxWP80"
"The Rajasthan II @ India Street","ChIJ95NYfksDdkgRDIxdGhaoIOA"
"Naan Wrap","ChIJl22a_hgddkgRu8fCOwtbtcw"
"Feast Express","ChIJnagRge4ddkgRf17_Fsv4QME"
"Spice Trader","ChIJS2y4RlIDdkgR1IgfwUL-J0Q"
"Ponchokhana পঞ্চখানা","ChIJNeZxyM0cdkgR6zKSWVkV-e8"
"Amar Gaon","ChIJAzYQkbUcdkgRCWHeq0RrQPc"
"Shalamar Kebab House","ChIJ2wvRk98ddkgRssAPQ6nUmro"
"Cafe Grill","ChIJ1QVPmrUcdkgRpl-TvH5hApQ"
"Chaiiwala","ChIJZddVNvoddkgRw4BAe0vIBJ4"
"Pitha Ghor","ChIJUekL-8ocdkgRXJhyjdFW-tk"
"Jannah Grill","ChIJpWnulsUcdkgRXjgtiDkxzxQ"
"Shimla Pinks","ChIJ03Nt09wCdkgRLQ7QPUxoykc"
"Cafe Lime and Restaurants","ChIJLSBIFtQDdkgRYAXT5mNL1-o"
"PlantXology","ChIJa1ewedQddkgR5e4hU6WCqZc"
"Spice Grill","ChIJN3kg6SoDdkgRaTFc0bpJ7o8"
"Maedah Grill","ChIJQc4hncwcdkgRGjwsjGwSDMo"
"Dhaka Biryani","ChIJD2r5ptYcdkgRyNSeK3IlMOU"
"Lahore Express London","ChIJeYXLDcYcdkgR0X0FdUjdMok"
"Purpleish","ChIJ32UA8tgcdkgReQ9AtfsZfTg"
"Hyderabadi Bawarchi","ChIJmdSU4BoOdkgRnBnNQiliRXU"
"Roman Tandoori London","ChIJIy6gtzwddkgR8tQ5udmV3kA"
"Mumbai Street","ChIJ4xJskqMddkgRXS38A0xvsPc"
"Maida","ChIJ6bSS_rccdkgRPKvAutaB_8Y"
"Spice Hut 457 Roman Road","ChIJqcX0Wj4ddkgR-m7EU-hzpvU"
"Horn OK Please","ChIJIfC0dlcDdkgRNF4k9xmPN_Q"
"Wrapchic","ChIJ81Qk2E0DdkgRKAoTchMr6Xk"
"Whitechapel Fried Chicken Commercial Road","ChIJSZI15j8DdkgR-Gx417-cI0c"
"Original Al-Ikhwan","ChIJTdr7HjMDdkgRICGXzPMxOKc"
"Charminar Restaurant","ChIJr7fhCwAddkgRwhfwSbZ3YJk"
"Charminar Restaurant Leyton","ChIJb8IyCACn2EcRBdNW7nnxVlY"
"Mobeen Restaurant","ChIJpRBvgY4ddkgRqZDM2QnykKQ"
"Chaaske","ChIJQSekpqUddkgR51yu7kjaLIE"
"Village Flavours Indian Restaurant","ChIJWYxjoZmn2EcRAmmEhz5GvZQ"
"Taste The Difference","ChIJsZnunXwddkgRE7lQS3TdA4U"
"Khan G Kababish London","ChIJ-SA8j70ddkgRuJtn2PJT3zw"
"Rao's Bar & Restaurant","ChIJb1-G1asddkgRhTuIbjtu6so"
"The Wanstead Kitchen","ChIJZwu7XZ6n2EcRG6mwXmuZy-E"
"Grill & Spice London","ChIJbchpiJYddkgRY2T-lNl2CRQ"
"Spice Hut","ChIJQTonadAddkgRq7xbi_t0k-c"
"Baba's Village Restaurant","ChIJ2QTon26n2EcRbz98v-UNYn8"
"Bombay Night Leytonstone","ChIJ1Q9YeIGn2EcRYj94-zLd_uM"
"Saffron Spice - Leytonstone","ChIJsT4ImEOn2EcRLoAgH86bFfc"
"Baithak804 Restaurant","ChIJ48TfZ7Kn2EcRLy17OGOitww"
"India Garden","ChIJD9Beyj-n2EcROTvvM1rxBs4"
"Tazgi","ChIJr2qqQ5On2EcROjr2KzgC7oo"
"Fat Chef Stratford","ChIJMa3EZFen2EcR6ufDRXQI2qk"
"The Tiffin Tin (Wanstead)","ChIJ1xOl70Cn2EcR-Am_k6texgw"
"Veva Vegan","ChIJoUOaXBWn2EcR04PzOqtbdFo"
"Red Camel","ChIJVZvVQ3qn2EcRX6Ra9FaAmto"
"ROYAL","ChIJc1x2pdmn2EcRFS1r8jayWUs"
"Paradise Biryani Pointe","ChIJS2zD8Dyn2EcR0gpvMJbpj5w"
"PANDYAS","ChIJN58A3tyn2EcRKQtzc-QwwLY"
"Sangeetha Veg Restaurant Indian","ChIJT8_jRQCn2EcRhcz92CwApEU"
"CHUTNEY'S By Hyderabad Darbar","ChIJX26TiYKn2EcRfdZtqMo_X9Q"
"Deccan Bahar","ChIJhSBV4wen2EcR-rM55o9W2rk"
"Odessa Tandoori","ChIJX1pFPZyn2EcRcGevst1_UzQ"
"Taste of India","ChIJxTdNGAin2EcROALpywxyikQ"
"Aroma Authentic Dum Biriyani","ChIJHe4josan2EcRfPNC7bdTQXo"
"Adyar Ananda Bhavan - A2B Veg Restaurant","ChIJ6UFhKDan2EcRI8cyTbu__aU"
"Vasantha Vilas - East Ham","ChIJ-XvOvkum2EcRnA_xPzYLmhE"
"NAYA","ChIJPaTHd3On2EcRlfNyt-AgTJM"
"Aromas Tandoori Restaurant","ChIJb_qdZaKn2EcR7k6qjEjSmSo"
"Bombay Kebab original","ChIJiSoe4IAddkgRCVowpXsfd78"
"Desi Palace Restaurant","ChIJF4Q3jSan2EcRk-Y1ycNK-O0"
"Hyderabadi Spice","ChIJ0zceYEym2EcRTZPy1Q4iqsk"
"Chilli Garlic Indian Restaurant & Take Away","ChIJvb2x7TwddkgRRtAEjRYIBxw"
"Gujarat Junction","ChIJ2VI-OMan2EcRegNDQUd4t5A"
"Khan Restaurant","ChIJk2Y10LCn2EcRnbEeqsCFJLw"
"Century Bar","ChIJDXwLN-yn2EcRHYhfITDAEbM"
"Udaya Kerala Restaurant","ChIJ46LYoMqn2EcRg5SCWN1j1_E"
"Mezban - Indian Restaurant Stratford","ChIJDb8K65AZdkgRS0fLcb11Um0"
"Indi-go Rasoi Westfield Stratford","ChIJH-_1w8gddkgRLttjfsJ-zHQ"
"NavaRuchi Kerala Restaurant East Ham","ChIJ6b0xGxWn2EcRZBJcNREem9U"
"Royal Chef London","ChIJYedfvEum2EcRnNytEZXUTTI"
"Ananthapuram","ChIJyzEjhUum2EcRhkq_ocWpN1w"
"Smash Street Munch","ChIJjdAniV0ddkgRETNRtLcA0lk"
"Woodies Spice","ChIJm8_LKXsddkgRHLKAF7rhnZo"
"Bhakti Foods - Pure Vegetarian Restaurant and Tiffin Service, Green Street, Upton Park, East London, Jain and Swaminarayan","ChIJm4KtRgan2EcR9sgCXtqHFWk"
"The Sultans","ChIJ2yeTEPYddkgRSBVcSroWPqU"
"Priya Restaurant, East Ham","ChIJ3ehJt0um2EcRJM3g5UqT1Uc"
"Mainland Madras","ChIJ33ccK9yn2EcRTEEkHS0ZXG4"
"Manor Bangla Kitchen & Grill","ChIJnev58Z6n2EcR5Lim-_Yg9co"
"Hyderabad Biryani House","ChIJTcdf1m6n2EcRjpY2JUpBA64"
"Taste of Hyderabad - EastHam","ChIJAzApM9un2EcRzWFTXebNtUQ"
"Namaste India","ChIJEV_BZXyn2EcRwGBPYBWoweE"
"Chennai Dosa Manor Park","ChIJaTvVQNSn2EcR6SmTmzhuY_c"
"Moon Chai & Restaurant","ChIJgRNdsGqn2EcRK3Q4Vap8Y6c"
"Rice Club","ChIJvbfZz8Sn2EcRCLHGv8Ei7sc"
"Hameed Feast Chennai Bucket Biriyani","ChIJX5EghvGn2EcR_m6C1ddPw28"
"Charminar Restaurant","ChIJWYizSzen2EcRgHNnT6KFWZ0"
"Choonda","ChIJ5xsYZQCn2EcRN8v0JrP9RIo"
"Hyderabad Paradise","ChIJc3E9Unun2EcRxfXVXwGxL8k"
"Anjappar Chettinad Restaurant","ChIJd2fvl0um2EcRkL8v4q506Co"
"Hyderabadi Alfaham Mandi","ChIJXZpCDE2n2EcR9CEqpkPJ5Ws"
"Naadan Spicy - Kerala Restaurant","ChIJo3BNUNKn2EcRd9ymknLkmw0"
"Jalaram Sweet Mart (MANOR PARK)","ChIJgYfo6ayn2EcRAfXFxrVBd2Q"
"Hyderabad Darbar","ChIJHyy3ALun2EcRKDC6jP2Nih0"
"Ananda Bhavan","ChIJAWpNjkum2EcRBI-4nZ8NtgU"
"Khyber Pass (Manor Park)","ChIJMbeEA1Sm2EcRsCdeIyR0TPw"
"Fusion Masti","ChIJh33AL0an2EcREa4wajqKr9g"
"Hyderabad villa","ChIJ6-ZEYEmn2EcR71dGOlK-K2g"
"Jol Sagar, Indian Restaurant, London","ChIJvQMgq-an2EcRtTUS8hzaauU"
"Arabian kitchen","ChIJlczXBACn2EcRKTBFVuBK2PQ"
"Tehari Ghor","ChIJlVEw5yyn2EcR0RJ4Z_hvyMw"
"Golkonda Restaurant","ChIJCU1o6o2n2EcRxQVThOQVrsU"
"Charminar Restaurant Green Street","ChIJQ2YfPwCn2EcRi0WqDXPPPbA"
"Kam's Kitchen Indian Restaurant London","ChIJEYQJW1Cp2EcRX5DP5dvZ2WE"
"Kohinoor Grill & Thrill","ChIJq-aqSlCn2EcRgUs9bF2wNHg"
"Taste of London","ChIJk_KZfQCn2EcRlbn15ipJHEQ"
"Lahori Nihaari London","ChIJRU8C6ren2EcRVbeANbHzvKg"
"New Taz Indian restaurant, Balaam Street","ChIJHaQTnOen2EcRzjeaJBpxo7A"
"Mr. Tashan Indian Street Food","ChIJ7TYKJFmn2EcRM67Ag1QMWYo"
"Samrat Tandoori","ChIJdaFTJ-en2EcRmcUmARtjY4E"
"Dishoom Canary Wharf","ChIJe0JmmEUDdkgRhyBBKRQW0f0"
"Indi-go Rasoi Canary Wharf","ChIJZadvZT0DdkgRqiIFNiWNM_U"
"Manjal Indian Restaurant Canary Wharf","ChIJneuTuL0CdkgRNIwtGmgzWyU"
"Kricket Canary Wharf Restaurant","ChIJn3RGCAADdkgR6bRFQaaEZJ0"
"Pandyas Simply Indian Cuisine","ChIJn0jdRwADdkgRXqNkOh82JHc"
"Gunpowder Tower Bridge","ChIJeSXz8n4DdkgRz3vyMh2db8c"
"Mango Indian","ChIJ8RLf8VcDdkgRf2G9oZhwWMY"
"COCO Canary Wharf - Restaurant & Lounge","ChIJQa1ozZgDdkgRYuzYbRFipUk"
"Cafe Nawaz","ChIJo6kNKloDdkgRUmBpfW8QGL4"
"Mint Leaf London","ChIJmQM_q6wcdkgRkgwWdzrV8NU"
"Shad Indian Restaurant","ChIJ-bjDqVoDdkgRbBk6WwJa7eE"
"Its Thecha","ChIJ--aHKVUDdkgRuRWRfnNrx1o"
"Mumbai","ChIJiblkPkcDdkgRym7SbpfPw5o"
"Ranna (Old Kent)","ChIJ61OcGQoDdkgRYNSc2c5_Gno"
"Memsaheb","ChIJ2XNkPKICdkgRF7sSWAOYDwY"
"Pali Kitchen","ChIJK6GwF5wDdkgRy5yPkxqYZfw"
"Aniseed","ChIJEYI0BMcCdkgRbXu4mXIVrho"
"Gujarati Rasoi Indian Food","ChIJXZ20dlcDdkgRpuGSlDNMDTc"
"Mogul Indian Cuisine","ChIJs9cVD9cCdkgR42ZYfxh5UkI"
"Alhambra Restaurant","ChIJGZagZMwcdkgRMWe16ZODuy8"
"Needoo Grill","ChIJzXa77swcdkgRoa8SBTv-wvE"
"Cafe Deccan","ChIJzz3B00EDdkgRi00MBMhaqPA"
"Taste of India","ChIJa9bkUooDdkgRiMf99XGU4gA"
"Kebab Hut","ChIJ6ZKXgWEDdkgRNN4icYa8kwE"
"Shokher Hari Restaurant","ChIJ2aHb9RgddkgRy_0cPc0T-qk"
"EKTARA","ChIJ2X2knkUDdkgRxfTgb79lahU"
"Bazaar - London's Indian Takeaway (Tower Bridge)","ChIJR7wKJkEDdkgRhybze1n1opk"
"Clifton Docklands","ChIJmzTY8MIDdkgRsaTKxjQrpBo"
"Baraka Eatery London","ChIJvUc8HNIcdkgRsxt1mBEkyTU"
"Malgudi Express City","ChIJX9i3MO8DdkgRZP0QsA7RPEs"
"Tour De India","ChIJ38ulpxcDdkgRcXqJO6JvRzw"
"The Grill House Bermondsey","ChIJ68xX034DdkgRLnklfKQFwBw"
"Poplar Spice","ChIJOczWc7ICdkgRJHmc6LEA58A"
"Gujarati Rasoi - Kitchen","ChIJERTs8UMDdkgRiY3gf1pBXjU"
"Bermondsey Tandoori","ChIJucvHZjwDdkgRgqUq_OF1mjs"
"Browns West India Quay","ChIJnYsPisQEdkgRJFEO2IpK07o"
"Mountain View","ChIJDQulRyao2EcRMsMYlSYawug"
"Indian Masala Kitchen King","ChIJi9MIcbICdkgRiezWInFfqQM"
"Tower Catering","ChIJe4BW9DgDdkgRAvvpcH_iMjk"
"Indian Takeaway | Black Cardamom | Hackney E9","ChIJU3F2MvIddkgR1F9McGqnPGk"
"Chowpatty - Authentic Indian Street Food (Mile End)","ChIJPd7tSVap2EcR9z2afNso8lY"
"Zoya Indian & Vegan","ChIJlVzmaVgDdkgRB03siBUT_JA"
"Behrouz Biryani","ChIJi-JPHTUDdkgRHjuFxsz8xCY"
"Scarlet Rasoi","ChIJRe9svjGp2EcRLtlLp3Q_TL0"
"Ranna (Bow)","ChIJ5_rv4kcddkgRpTj3KQ_uQZ8"
"Sweetings","ChIJrYrCfaoEdkgRiZeNxTC3JZc"
"The Madina Grill (TMG)","ChIJEbWGsK0CdkgRB9RVGdjkpZY"
"The Pommelers Rest - JD Wetherspoon","ChIJNd3Bz0UDdkgRRvC4Lss8O3c"
"FAT CHEF (Authentic Indian Kitchen) Halal","ChIJ-e9iBwCn2EcRLTE0LfhvXy8"
"Mowgli Street Food Stratford","ChIJ93slSgAddkgR24jaL1PWgwY"
"Masala Corner","ChIJFQnmMI6n2EcRXbn_O77kBn8"
"Ghara - Home of Indian Street Food","ChIJ7cEq_FgddkgRPqMH3TMAq_A"
"Indo Grill","ChIJy6fPIkOn2EcRXxzxXy86-gY"
"Saravanaa Bhavan East Ham","ChIJlez1XUym2EcRgVn2FkqLijk"
"Jatt & Juliet Restaurant and Bar","ChIJlcWclh-p2EcR4tmjM_8sX4w"
"Hyderabad Wala","ChIJMyjR21Wn2EcRdp-fv_7Oygo"
"Raj Gate","ChIJnxLsNnao2EcReMHxKHhVv7c"
"Baba Dhaba","ChIJHbPgbDGp2EcRjBLCeAr64Oo"
"Chaiiwala","ChIJwzZWXTun2EcRndMlNtR47PQ"
"Kumba Buffet & Restaurant","ChIJTanJ6T0ddkgRYUBTrILhsyo"
"Eshaal Curry House and Peri Peri Grill","ChIJbXfMgY8ddkgR2SzgD2uK0a0"
"PAR LONDON - PAK AL REYAN RESTAURANT","ChIJEynsh7gddkgRfR_Tdf3cvhU"
"Biryani Master","ChIJXddfJwAddkgREaJyYJ6uQWA"
"Chaiiwala","ChIJvYer8usddkgRott88H7h0xc"
"Malar Spice","ChIJE-aFOcUddkgRL9Bbmw47cwo"
"Ranna (Walthamstow)","ChIJOVREe0YddkgRlHi9oKC8dMs"
"Tandoori Night Walthamstow","ChIJQXzcPfYddkgRzvlI0SpR7Xo"
"Curry Kitchen Highams Park | Indian Food, Takeaway, Order Online","ChIJtytVs4yh2EcRjlMlLnb5HEo"
"Raya Asian Street Food","ChIJEfTMVVMddkgR0W6mmcBv8Rc"
"Al Haqs","ChIJC9A7peoddkgRHcEuNduznpE"
"PRKL Biryani's (samosas Chats)","ChIJSbcdDwAddkgRdAq2nszU7jQ"
"One The Avenue","ChIJg6pM_aeg2EcRZa_F3-aySzw"
"Mannoush Lebanese Restaurant","ChIJ2xZPDekddkgR69URrUPGx0o"
"The Indian Dining Club","ChIJ72iwYQIedkgRC0ttHxFdUOo"
"Chaudhry Kebabish","ChIJu4H_hQEddkgReyP6zDuRYV8"
"Ginger-Woo","ChIJi9wgYd0ddkgRAc6e46iCQFk"
"Forest Tandoori Chingford","ChIJr12SMhQedkgR0UZ5PtpZmZw"
"The Hornbeam Community Centre CIC","ChIJ-_EoA5MddkgR9Ex1TEbJsOw"
"Kolkati","ChIJv5VmNF0ddkgRcyY6DpzQ6T0"
"East 17 Kebabish","ChIJz44KnMQddkgRouRiT2nZez0"
"Vegan Tiffin Walthamstow","ChIJvz4ODJYddkgRnwmLVefWgWk"
"We Eat 2Gether","ChIJ08u4q5oddkgRD-VdQNlttrY"
"Tandoori Cottage","ChIJBYQXHRIedkgR_wWz1y96f-o"
"Roti Factory London","ChIJU-JNFZYddkgRuIMangJCtDs"
"Salash Kitchen - South Woodford","ChIJDRfFrUOn2EcRLcha7Mx1xek"
"Pink Garlic Indian","ChIJGf4dhien2EcRb32tWJZhy1w"
"The 71","ChIJtSXPWQCn2EcRrRWH8XbBlcQ"
"Ranna (South Woodford)","ChIJEx0r2zQRdkgR5HDXMRG6Ezw"
"Pink Garlic Thai","ChIJT61Anmqn2EcR74ZsZQKV93A"
"Parlay E18 (Venue Hire)","ChIJ_80q8Emn2EcRFiVG1CvelNo"
"Chaskaas","ChIJgUcZY9gddkgR173CRgrwcek"
"Charista","ChIJ8dCGKfwddkgRtwTr9GurFL8"
"Bhajji Bros Indian Takeaway","ChIJ23FDSJkddkgRY6RNQsOmUNE"
"Spice N Nice","ChIJh19TLXIddkgRqLP_vR3wTFE"
"Anakana Bethnal Green","ChIJrbL42F8ddkgRhg2i5Ee_rIc"
"Indian Darbaar","ChIJe50IuXsddkgRZ8LkcOIFrnM"
"Lavang Spice","ChIJOTNkBB8ddkgR4eTtodAD8vQ"
"Mo’s Indian. Mo’s pizza","ChIJzfz8DTYddkgR_FAVbLr7ad0"
"Spice Hut Bethnal Green","ChIJtyX5xkQddkgRc93Ba4XMai4"
"Gujarati Rasoi Vegan Indian Food Market Stall","ChIJT755buMddkgRbiBtHaLDGoc"
"Papa-dum - London Wall","ChIJRX3tQ8MddkgRsRBIJj7y0zI"
"On The Grill","ChIJOf-0AUIddkgRLKAuUoXPEgY"
"Chefs Palooza Shoreditch","ChIJ80DBGQAddkgRQ1jET2Ak36s"
"Spice Hut London","ChIJn8mKyTEddkgREa5-w-3T1cc"
"Spice Hut Stratford","ChIJs8eD6USn2EcRrZ6TKvrvPwk"
"City Of Paris Restaurant & Banqueting Venue","ChIJ0Q_ofjgddkgR0sUeriUwQTA"
"The Food Hut","ChIJnwLiRwCn2EcR5zpN6a50IHg"
"Shapla Peri Peri","ChIJD8fX_XOn2EcRpNaM8iv1xrw"
"Roti Joupa Stratford","ChIJ0SA7aFSn2EcR2LWl6_iJZM4"
"Chai Puri - Stratford Grove Market","ChIJ1SbzBjKn2EcR0yHS_UwD2M4"
"Indian Takeaway , E-Kitchen","ChIJLwA5ImAddkgREWiFsFmUuwc"
"Spice Villa","ChIJ4eiFSImn2EcRvWEOt87EuDM"
"Tripti's Thai Pie Stratford","ChIJqcSGlYin2EcRXjCwo92TeFg"
"Kricket Shoreditch - Kafé, Restaurant & Bar","ChIJAQxeaAAddkgRkKAT-b-BK14"
"Soul Mama Music Venue | Restaurant","ChIJX50rgBUddkgRbW46zgAZd5s"
"Tanjia Restaurant","ChIJKw2qKgCn2EcRfdNz4mIP1sY"
"Moguls Kitchen","ChIJJwxgZz4ddkgR7ylLhBeNZ2o"
"The Grill Stratford","ChIJc3IlTYmn2EcR4NYH2aKzH50"
"O12 Bar & Grill Restaurant- Stratford, London","ChIJ8QIuComn2EcR8ZCSoFphcFA"
"Chef Tazzy","ChIJMUbUPAAddkgRCRLGpEqZURg"
"ORIGINAL GRILL","ChIJ1er_pDYddkgR1hOrsz8c3-I"
"Royal Biryani","ChIJ2wredh0ddkgRI9TZZcTKdes"
"Eat2Save","ChIJWcZp2Yin2EcRor9v6C0hwYk"
"Est India - Authentic Indian Restaurant London Bridge","ChIJty115qcEdkgR1wR3jIdT1BY"
"Manna Wa Salwa Grill & Restaurant","ChIJKbvWanOo2EcRdYMiiWfdQyI"
"Imperial Spice","ChIJExlsdOkddkgRzhK67C8sqSw"
"Mr K's spice","ChIJuQoYmkIddkgR5WcasEl92zY"
"The Egg & Veg Food Plaza Restaurant","ChIJGY9mXD2n2EcRKc00H2s5lpI"
"Baja Foods","ChIJ6eD0oc4ddkgR5O5ZD7IecX4"
"Vujon Chingford","ChIJs8k8vKGg2EcRSqsMJvtnO1M"
"Bollywoods","ChIJs9j9DxYedkgRVqSypyTyX90"
"My Desi Box Chingford","ChIJBS6ZWwMfdkgR6DslanZietU"
"Tandoori cottage","ChIJS-LTIQAfdkgRVlgYCSTMz1Y"
"Indiana Grill","ChIJtXmpTYscdkgRiduKbQURWHg"
"Family Kitchen","ChIJR2Dvz_AddkgRA1v3MYxy6ic"
"Pivaz","ChIJxx0HnQEddkgRBqhKEOqjELg"
"Mangal 2 Restaurant","ChIJTb9jiIscdkgRqYg0ibUPTCw"
"The Spread Eagle","ChIJRTiIhgQddkgRd2qqglOkPso"
"Berber & Q","ChIJp6OY5pUcdkgR_azKFN-fhps"
"Sutton and Sons","ChIJL649jJwcdkgRPx7c6M8MX-c"
"Leo's Restaurant & Bar","ChIJAagRdc8ddkgR6Mkry7CsCCs"
"Babsang Newington Green","ChIJfcBTSQAddkgRCZWmKMr9r-8"
"The Empress","ChIJvfalkB8ddkgRxheG7876Nv4"
"Black Cat café","ChIJBW3yzvscdkgRo7FHtKX5K9Q"
"The Prince","ChIJlfaCsWMcdkgRhJtoAz814pc"
"Mess Cafe","ChIJ-VHo6PocdkgREx6cJHojoOI"
"Anatolia Restaurant","ChIJg5OdS-QcdkgRK6yWJqFvIbs"
"The Good Egg Neighbourhood Restaurant Stoke Newington","ChIJ4RNrhmMcdkgRLtc4tOAtyzc"
"Los Pollos","ChIJzyKapOIadkgRauIYC9HOfPQ"
"Sindu Mahal Sri Lankan & Indian Cuisine","ChIJT3C_OXSn2EcRcTp4ZvExJPA"
"Taste of India Pure Vegetarian LTD","ChIJa69CYEym2EcR5v5oUYKnOTo"
"Curry stop(london’s first mallu food truck)","ChIJyRSh0Dyn2EcR5B0pFPnjVJ8"
"The Peacock Restaurant","ChIJMzjxWQCn2EcRtyZD6l3GeUw"
"Malabar Hut Restaurant","ChIJ3dbZKEan2EcRw1_fe7Du4Pc"
"Tiger's Den Family Restaurant & Bar","ChIJ1W_qrc-n2EcRuvWbxPIbXqQ"
"Hayath Kitchen","ChIJnwxYK9yn2EcRVe79U3GmM88"
"Eastern Kitchen East Ham","ChIJ6XCo5o6n2EcR-jsyCkQ3J0w"
"Dhe chayakkada","ChIJn3VAPACn2EcRjGHvHkg67kE"
"SULAIMAANI","ChIJA9mEjQCn2EcRKEmPF_wI2Io"
"Siddhi Pure Veg Restaurant","ChIJYaw4TIKn2EcRRbPGzaXcD9E"
"Chai Kadai East Ham","ChIJJ9wK2rCn2EcRGO5bS5JR2u0"
"Yaal Restaurant","ChIJHW8rUjim2EcR2hQTLoOazn4"
"Shinde's Pure Veg East Ham","ChIJA4jskHKn2EcRtJKKKh09rds"
"Priya Maamala's","ChIJO-wTd0ym2EcR-oTN6V1WID4"
"Sabras Sweet Mart & Savouries","ChIJyxTxc02m2EcRRAXIbmyxyos"
"Chutney's","ChIJVVWSTzim2EcRK1L6dg3UAJQ"
"HIMY The street cuisine","ChIJBTxGLdqn2EcRfdGB7lFdh84"
"Hyderabad Paradise Express","ChIJX1ohN3-n2EcRsCGeiO5Vse8"
"Malabar Kitchen","ChIJf8hOusGn2EcR2Jg4VmLzX_U"
"Karachi Biryani Corner","ChIJKYaKdkan2EcR6pAQrmWrbLY"
"Laziza Biryani by Laziza Hut","ChIJwUPrSEqm2EcR1jdkVPc_qt8"
"Imaan Restaurant","ChIJvbKA67en2EcREZDDg-GMm2I"
"Chill with Chai","ChIJQ7Eskjan2EcR0QBy11QmZg4"
"Banglapara","ChIJ_7TeEFOn2EcR4qccfPY6KPs"
"Lala’s Grill & Restaurant","ChIJm6k7-9Cn2EcRJyy0-mhwiO8"
"Chaiiwala","ChIJDXB66ben2EcRUdKzufX_7vU"
"Bahar-e-Hyderabad","ChIJUR3fbACn2EcRfsa28lypiQY"
"Sambal Express East Ham","ChIJS2zx_kym2EcRuYLnmJQePEg"
"The Jumeirah - Beckton","ChIJ2SuLSQCn2EcRIKvDmD8RSO4"
"Mano's Dosa","ChIJbaPx482n2EcRjsFsHILFwNk"
"Sardar Ji Kitchen","ChIJ6f2DCAen2EcRCkL06PkuNIY"
"Baba Zeera Kebabish","ChIJTd_bKNKn2EcRcb7l0acHUg0"
"Olive Garden","ChIJxUPejain2EcRtguJ3CCK67g"
"Spice Hut (Manor Park)","ChIJKe_dnlKm2EcRObwOF2e5wxI"
"Tasty Samosa whole sale and retail (Halal HMC)","ChIJLdwKrsGn2EcR8B8b2T7u8gY"
"Spice Hut","ChIJ8YyhTTCm2EcRh3hOTZF01iI"
"De Cafe Lounge & De biryani Lounge","ChIJVysPss6n2EcRkYHwLKQwFrc"
"My Biryani House","ChIJG08-TaKn2EcRu1CO98b7xKk"
"First Bite","ChIJi3hVBJCn2EcRfgPrSspeNnQ"
"Café Adda","ChIJ9Uri6dSn2EcRJ3HX-s5z3UM"
"Moon Coffee & Restaurant","ChIJV8V3eiOn2EcRw8xQjIcUJ6M"
"KO - Kebabish Original, High Street North","ChIJkcGEVVOm2EcRQgXvnsEJjrA"
"Yaal Unavakam Ltd","ChIJMZ2rXNmn2EcRRUXIIpAj1XY"
"Shinde's Pure Veg","ChIJt4yIR7in2EcR0OOFPa68pQQ"
"Deshi Food Hub","ChIJzQz7AmSn2EcRV4DoZomnvc0"
"Peacock London","ChIJB-cY1hgFdkgRJ8lzg_TLvpA"
"Mona Food Chaat House","ChIJmyu_TLin2EcRApqhKcSRbP4"
"Nanna Biryani","ChIJIdrVamCn2EcR5KAI6Ft1eBQ"
"Vijay's Chawalla","ChIJucG8Tbin2EcRlcl9upc8k6Y"
"Lahori Spicy Biryani House","ChIJrZHg1Lan2EcREV1DdkBnqHw"
"Spice","ChIJbRIrbtun2EcRaKQ7ygef3t8"
"Fardeen","ChIJMyHJVuOn2EcROAuRxDZUfng"
"Best Turkish Kebab East Ham","ChIJw6-aOTSm2EcR63Jgi2sRf_g"
"Irani Chai Paratha House","ChIJjaV96yGn2EcRUQzGNlmSoSw"
"AYAN`S RESTAURANT","ChIJhTyz1KKn2EcR6u-0bf5Pd_8"
"The Overdraft Tavern","ChIJHS1PuEum2EcR4Pc8UKI6lpI"
"K.O - Kebabish Original, Plaistow","ChIJP7hDfOen2EcR37NEurHLru0"
"Chaiiwala","ChIJkaKLu8yn2EcRT_tYRJ3bWC0"
"Spice Hut","ChIJfQGpT3On2EcRfl9L5U24gAI"
"Curry in a Box","ChIJPw09dgSn2EcRfebVHNDV3VQ"
"Cafe Balti","ChIJyYFC8MGn2EcRmfqXwbVHfO8"
"East Ham Kebabish","ChIJa5lm8zam2EcRjTTZlOHmc1E"
"Hyderabad to London – Authentic Hyderabadi Cuisine","ChIJD9bW4M6n2EcRS2DpJueIYGM"
"The Curry Stop","ChIJEZ45KAAddkgR5KJ3G0cJV98"
"The Nazrul Restaurant","ChIJEXEpCLYcdkgRQkOwPK5Dca0"
"Kacchi Ghor","ChIJQ3IUZksddkgRnDV7jPy1YlE"
"Future Temple","ChIJ0WlXM5EddkgRWfHr-J0Xf7A"
"Essentials Food To Go","ChIJq9dKnawcdkgRw_MlFPBgDZ0"
"Fusionend Spices","ChIJb2cGfascdkgRGmJilWLYZNA"
"all hail sabretooth","ChIJecQ86rIddkgRWzcNOrQszeo"
"Omrith","ChIJKfvRdbgDdkgRfWCqvo_WzoQ"
"Nepal Restaurant","ChIJeXVh9J4NdkgR8lFSyRuVwiQ"
"The Village Tandoori","ChIJW-RaW1Co2EcRCh9SP7tDZJE"
"INDI PUB KITCHEN","ChIJ7b3RWpMbdkgRwQ-BI-3kgsQ"
"Barbican Express","ChIJ__5pMqgcdkgRlKibXhhRPCA"
"Indian Chatko","ChIJ489VKAAbdkgRypW74xMQIzU"
"Horn OK Please","ChIJX9GgbqsFdkgR2Xq8QsXbIAA"
"Kusadasi Taverna","ChIJybwhRz-72EcRsKuDLA21oWM"
"Cranham Tandoori","ChIJhYWRosW72EcROy1Zanms4A4"
"Tasty Bites","ChIJP3rMClK62EcRX-hGIZ1cd7s"
"Zaitun Take Away","ChIJ-6f24aq72EcRrr9qLe6yPeE"
"Mangal Meze Restaurant","ChIJU4WQ6suk2EcR7JBGM8O0cdQ"
"Kervan Kitchen Gidea Park","ChIJMaGV3Ea72EcRdALI5ckoST0"
"The Halal Guys","ChIJV2n-U1oPdkgRrZRbifFXnZg"
"Nando's Victoria - Wilton Road","ChIJ3UWX7x8FdkgRrbUuo_akfgQ"
"Park Chinois","ChIJvYYqnCkFdkgRpJro2gbpZMs"
"Malewa Food - UK","ChIJaS-M6KIFdkgR6ZV2sImrfP4"
"Al Basha Restaurant","ChIJP1G4MDoFdkgR6F4sIP9J8e0"
"Shiv Kitchen & Catering","ChIJV-ThTocwcEERIhFe_eSdf_0"
"Serani","ChIJH5m5bykFdkgRBjrqVAxSe9E"
"Shaan-E-Punjabi Dhaba","ChIJJ32JQN-l2EcRLwtU1zKgcEY"
"Tandoori Hut","ChIJD0JBdmSk2EcRoiygx8VxksE"
"Kebabish Original (Collier Row Romford)","ChIJsZxnPACl2EcR4E1ERCnNTck"
"Samosa King","ChIJzWpuymCk2EcRv3SGRyBSFV4"
"Bayleaf","ChIJF1Bugcml2EcR4LRMOYbfLlQ"
"Thai & Pie","ChIJCfFU8Ual2EcRga6MaEc4Z5U"
"Delhi O Delhi","ChIJtUiXcSmk2EcRejRATg9MOmA"
"COSMO World Buffet Romford","ChIJ6zBJ1cuk2EcRk5IGAZf8uiE"
"Dosarani Royal Sweet Ilford","ChIJo6SI3jCk2EcR745Y2XlWnZw"
"IndiSpices","ChIJYe2_oiWn2EcRTms8RAQvJ0w"
"INDIAN SPICE & GRILL","ChIJ241e0sal2EcRZ4CNyniSGT4"
"Ali’s Bangla Kitchen","ChIJPxSEB9Ol2EcRzu5lcf2S_zI"
"Umbrella Rice & Grills Hut","ChIJYVFkJF6l2EcRA0Khmbc6-RI"
"Mobeen","ChIJJSWTdACl2EcRTH-5xjYWZmQ"
"The Grill House","ChIJ7-hH6mADdkgR7RiecmcmwEg"
"Peninsula Greenwich (Indian,Srilankan & Malaysian Restaurant)","ChIJ1QIDabEBdkgRJkSP5dOTQ6M"
"Hullabaloo","ChIJ7_CG-qsDdkgRRHBxIIUcfTQ"
"Desi Indian Street Food, Greenwich Market","ChIJOfATMpsDdkgRa08DcVdYN2c"
"Ceylon Paradise","ChIJEQ3yrkwDdkgRFK5oneLNivI"
"Indelicious","ChIJpQH52IkCdkgRgZ3OLETmSYk"
"Gurkha's Inn","ChIJkWmXxSWo2EcRKD-zzFVX2dQ"
"Chaiwrap","ChIJ8Tu2h_QCdkgR9Krj19ZQyNI"
"Banana Tree Greenwich","ChIJ-dQZAcEDdkgRmWRUR_A4fhY"
"Indian Spice","ChIJM4dPrgwDdkgRuv0CiZapBVc"
"The Coriander","ChIJ1ZACAzqo2EcR_Y4w21RIDjM"
"Spice of Life Indian Cuisine, Lewisham","ChIJjwxAotip2EcRb6cBgT4YUMg"
"New Viceroy","ChIJ-0nkRlCo2EcR_j5ZIGHPx4o"
"The Fusion - Nepalese and Indian Restaurant","ChIJlSqogRKp2EcRtjcsW6RJMcg"
"Panas Gurkha Restaurant","ChIJebWro6ep2EcRUmnAy5DjwQo"
"Royal Nepalese","ChIJqUslADqo2EcROrOdUGJh5WM"
"Royal Tandoori","ChIJq0qaWEgCdkgRJbRixZ4ik2E"
"Jimmy's O2","ChIJT_JbmRyo2EcRgCENZywgZUg"
"The Himalayan Curry Zone","ChIJgRbnDump2EcRPkAC5FyyZxk"
"Babur To Go","ChIJZf16zEkCdkgRSoeVDHH4YO8"
"Dosa sambal","ChIJsSlNed0DdkgR1dXNA3ROZJU"
"2 Sisters Tandoori","ChIJVTdyWKkDdkgR7I51ROOWJZo"
"Go Go Masala","ChIJg27lc7IDdkgRZ_C03YzNRxQ"
"The Khans Indian Restaurant [ Blackheath station ]","ChIJSQJvJBSp2EcRqRzrQEnlx58"
"Kaaram Restaurant","ChIJAWOdFgADdkgRyM-mspDlpM4"
"Fu-Asian Food","ChIJJ1y_K_8DdkgRAps7kTxdWGI"
"Sonali Tandoori","ChIJOeoRxB-q2EcRy8ZWNfgNako"
"Tapari momo Lewisham","ChIJkdXXoOMDdkgR4FugMBwpec8"
"Chilli Street Food","ChIJKVIYyi6p2EcRyK7_jv9L1l8"
"Bhavna's Kitchen","ChIJPS-Q_TCp2EcRQ2l8T5mNVS0"
"Taste of Mumbai","ChIJTUjBm76p2EcRPi9AY8wi1MY"
"Spice Garden","ChIJ5RHe8JCp2EcRzEJIX5GXwXY"
"The Indian Kitchen by Purva","ChIJ7_dEDOGTM6ARf28j5h5QD0E"
"Aarokya Samayal","ChIJ5Xd547EBdkgRd9G7qivT4fk"
"Spice Hut (Catford)","ChIJEwLsFwADdkgR0Dstlq_KAB8"
"Last Outpost","ChIJxXqyTmIDdkgRaxyn-yukbpY"
"Canton Kitchen","ChIJ7eVzQNmp2EcRf5R4W6YK8ig"
"Malai Thai Lewisham","ChIJDzj2oQwCdkgRE7q2B3gPFd4"
"Food Dhaba","ChIJUXU38pup2EcRTb5Bm8JCu0E"
"Ana'more Lewisham (Turkish Restaurant, Mediterranean Cuisine, Turkish Grill)","ChIJe726PdADdkgR1TRK_iaShow"
"Bhaiya's Kitchen | Indian Restaurant & Takeaway","ChIJD00e6o-p2EcR2R0q-GSYxBE"
"Dixy Kitchen Indian Takeaway","ChIJ0Ym7mboDdkgRY9aGYBGapTY"
"Jhakaas","ChIJj7Eeub8DdkgRTv8iYktSe3k"
"Little Punjab","ChIJN_qHhCsDdkgRkwk9nn6iC6E"
"Cinnamon","ChIJk5SqxFgCdkgR6PfaPRqTGOQ"
"Rasoi Dining Club","ChIJbXVnpJ4DdkgRjnTPJAB32Pw"
"Desi Spice","ChIJuR8B3yYDdkgR7oRAOD5D21c"
"Surrey Quays Tandoori","ChIJQQlvR1kDdkgRPGZUeTTE-U0"
"Pinch of Spice","ChIJhYDh_YEDdkgRzeG1qv9dGSM"
"Spices","ChIJz0Ll264DdkgR3v8Vx9yt8j0"
"Zainab Mahal","ChIJU8ERH28DdkgR45xkSTzDe-4"
"The Spice Truck","ChIJf5bEBwADdkgRjjhRF9wEgvI"
"Mix N Grill Indian","ChIJ0xXDXtYDdkgRiupRM6MPp20"
"Annapurna Spice Nepali Restaurant","ChIJs4zVSAADdkgR-9HZ2YDUaiA"
"Taste of Punjab","ChIJp2p0Q4sDdkgRiVZZ2hcVM5c"
"Shurzo’s Restaurant","ChIJbdX8QnIDdkgRW3kY1P7SPbE"
"Ganapati","ChIJAX7GHJ8DdkgRyGZa98CK76I"
"Dulwich Tandoori","ChIJ8Rfz2pYDdkgRAJCFsiOW2xA"
"En Root Peckham","ChIJKYsGjWkDdkgRjkxSD2zCVa4"
"London Dabbawaala","ChIJ7wFioKEDdkgR0VR7mq-nqNQ"
"Republic Restaurant - Verney Road","ChIJHQo6vpgDdkgRcfoH2r3FwXc"
"Bhajis LDN - Southbank","ChIJndaMEYEFdkgRXXlbUEZYdQM"
"Kanchana's Kitchen","ChIJIe8qnbAEdkgR2XIR8BoUv68"
"The Indians Next Door","ChIJYdpNKeoFdkgRStjxT4Wpq5c"
"Tandoori Tadkaa","ChIJKe5w3wcFdkgR4S0ymp9H3ug"
"Exotic Takeaway","ChIJyRdRh7sEdkgRwnnCoY7mbeI"
"The Indian Box","ChIJc7ai73sFdkgR1zuKnG7OTRA"
"Shawarma Hut - Restaurant Elephant and Castle","ChIJtWPrUsYFdkgRU-ePiXBGV2Y"
"Rockit Pub Kitchen at the Camel & Artichoke","ChIJm2NsbKEFdkgRbXjgHVLWJAk"
"Fusion Grill waterloo","ChIJo--QXLsEdkgRsCud88Ag1bc"
"Upper Crust Waterloo","ChIJowYvIroEdkgRYR4Ibqd4zt0"
"Taste of Nepal- Blackfriars Rd","ChIJI1ccWDEFdkgRZFjl8x8N2mY"
"Alibaba Waterloo","ChIJWygLBlAFdkgRUIWwVhTx0-s"
"Shree Krishna Vada Pav (SKVP)- London School of Economics","ChIJLUot9G8FdkgRcUTejsxYq2E"
"Karapincha","ChIJRdwAB-AFdkgRH1DkiE1vbho"
"Fire & Fromage at Jimmy's Pop-up","ChIJH1nbMrYEdkgRau19Kl_MjTs"
"Shristha kitchen","ChIJTUfslX2p2EcRhmsfgL5GgI0"
"Little Kathmandu Kitchen - Nepalese Restaurant Woolwich","ChIJi45wDR2p2EcRS6BFRzosnzQ"
"Gulmi Bar & Restaurant","ChIJOxVs6OWp2EcRBTRvISwa0l4"
"Wild East","ChIJ4_uf6M6o2EcRy1G73w0k_T0"
"Star of Spice","ChIJBSpZg-eo2EcRcObcpCwfvx4"
"Curry Asia","ChIJZfa5pOuo2EcRl10QQYlgWTs"
"Biriyani Republic","ChIJ3xbhXq-p2EcRhvHf5I_-erw"
"Rosario Munch","ChIJ50eENgCp2EcRDPUExCe6O_E"
"Dosa&Sambal Express","ChIJW7jlIvup2EcRvUHe785DssQ"
"Ruchita","ChIJ_1rngueo2EcRH_Ja661VaLM"
"Sankalp Sattvik","ChIJ162Ho4up2EcRBPxVPWBpA5M"
"Tapari Momo (Fusion)","ChIJaTCeq-yo2EcREXn7vh2Wh34"
"Ambala Karahi","ChIJxasK-Muo2EcRStNaD4miiTk"
"Gurkha Club","ChIJSeLSV8yo2EcR-1Zhef4BqE8"
"Namaste on the Wheel","ChIJV3F4Yeqo2EcR6qmQw7ED3hM"
"Kebabish Plumstead","ChIJRX-zDMyo2EcRslKBcK-UxdM"
"Chai Piali","ChIJVQdn_ROp2EcR_2vwlaiuqsY"
"Roca Mangal","ChIJgaJ9pZep2EcRJ5se3_IG3H4"
"Home Kitchen","ChIJT3V-Zsep2EcRLWpwaHiyyVY"
"Dial Arch","ChIJESyFk-qo2EcRbNMfeQk6gmQ"
"The Charlton Take Away Ltd","ChIJF3yrCUWo2EcRxXXFMxTjSXs"
"Lane Kitchen","ChIJt5r8LNWo2EcRyWhxHbmgszo"
"Roots Lounge","ChIJ04j_E-6o2EcR49FgkEGGGKo"
"Gurkha Capricorn Members Club","ChIJffoC9Myo2EcR9GaVznNCcBw"
"Apna Grill","ChIJAfoC5s6o2EcRh7ZA3JXA1yI"
"Spikky Pepperdem Food","ChIJE258j9up2EcR1Gj1X4sm6M4"
"Ruchita","ChIJY-ff0S2p2EcRwOeWhqIzEqc"
"Belash Tandoori","ChIJqx9UXHQBdkgRHj3D9XZibi4"
"Degchi London","ChIJJ4Rdm2UBdkgRktsMGsCEWy4"
"Zoya Indian & Vegan","ChIJS3VtGb4DdkgRXHflH70u22k"
"Trinco Dulwich","ChIJRQ9E0X4DdkgRBJwbd4a0yyo"
"Mirash Tandoori","ChIJL_oilpADdkgRQNVS6xDM0ug"
"RAJAH ROWING INDIAN KITCHEN - DULWICH","ChIJB-bAcOsDdkgRwUYar_aLOmA"
"Millenium Tandoori","ChIJ-VqKjZADdkgROXGr1LSppdo"
"Spice Republic, Indian Takeaway, Dulwich","ChIJ3dIkWMIDdkgRz_yr08FmfZs"
"The Swadesh","ChIJ_5Ve85MDdkgRSgW9n13LY4c"
"The Prince Regent","ChIJ80PdbW0EdkgRUlHh8tnK10Q"
"Great Exhibition","ChIJAZ4eopUDdkgRHJ-GH5jufNA"
"Staff Of Life Restaurant","ChIJGS2AdHIEdkgRhsbqMgt-Ysw"
"Belair House","ChIJMV6rSPcDdkgRlFAm3ZQEiwg"
"Griffin Sports Club","ChIJKcwHsowDdkgR9SbYwUB_8_g"
"The Alleyn's Head","ChIJf9IFUPkDdkgRKKWX2FkHSs8"
"The JAMM HUB","ChIJLfhXScUDdkgRa4MLxn60srs"
"Effra Social","ChIJlTqStmsEdkgRwSmSKYCK2OQ"
"Amrutha - Honor Oak","ChIJKeSilD0DdkgR6sdthhHgYmk"
"Delhi kitchen","ChIJd3HBa6oBdkgRKp46JasO8-o"
"Croydon Food Station","ChIJ2a8PHoMHdkgRLWaVhCnpVDk"
"Cravez it","ChIJr0aTeCoBdkgRXj__sv8U2wk"
"Golis South Norwood","ChIJ8-_5yzwBdkgRGs7oVdz_rCE"
"MetroPot Croydon","ChIJq18ALcoHdkgRxIyYy3aXe4o"
"Haweli Restaurant ® Norbury","ChIJM9ojjzwHdkgR408keYlmLFI"
"Chef Yogis","ChIJ_bfG84ep2EcR6BYQAevUdtU"
"Indian Railway","ChIJyaITTTSp2EcRBjXNHm0_P_U"
"Vedhaa foods (barking)","ChIJYboUYtKn2EcRyE93gCqcnjI"
"Aahar Ltd","ChIJOxyts62n2EcR4FbNGwJtKik"
"Spice Island","ChIJZatYwXSp2EcR2FXpAAVUPDw"
"FM Mangal","ChIJcVbGWn8DdkgRLXTiU3HYPLA"
"Pappadom","ChIJ-45L_YEEdkgRiUpwuSein7A"
"munch inn catford","ChIJnVZGZ4QDdkgRhyJZOvxdcBk"
"Chilli Pepper","ChIJaQ0T2x0CdkgR33_huJsG-w8"
"Curry Cottage","ChIJI1cJ5A8CdkgREMWK3ip9pkE"
"Papadam Tandoori","ChIJX_9OFAkCdkgRzaO6w4p4XdU"
"Mekan Restaurant Bromley road","ChIJ3SWQbh4CdkgRvsvtg0icdSY"
"Turkuaz Restaurant","ChIJWT8hURkCdkgRexiVXmwjkWI"
"The Watergate","ChIJT3nh178DdkgRA7Vd26XFkGY"
"Safar Spice","ChIJMQWdB0EDdkgRqpPQYpvsssU"
"Royal Standard","ChIJh63fj_UCdkgRzlkE-wXKCyk"
"hullabaloo","ChIJvxRChvQCdkgRGzMzGyoyLL8"
"Darjeeling Indian Takeaway Eltham","ChIJH6OfWjqp2EcRfkDdXFV3JyE"
"Cobans Kitchen","ChIJN9uUBAWp2EcR7kaiWvUW2LM"
"Eltham Cafe & Restaurant","ChIJMeA_nQmp2EcRQcrzDOzyTqE"
"Fillings Sutton Indian Pakistani Restaurant","ChIJq0VS3usJdkgR7qKVP9KIQPo"
"Dosa Bhavan Indian Restaurant Sutton","ChIJ3agcNM8JdkgR9ARJyMfCmKg"
"The Tava Shop Sutton","ChIJWXP7DMUJdkgRSAEixkTeR1w"
"Jaffna Spice","ChIJw3J0jAwIdkgRByCS3aEzDyE"
"Crispy Dosa Sutton","ChIJxWV9Mi8JdkgRR6WB76LU8g4"
"Baithak Luxurious Indian Dining & Cocktail Bar - Sutton","ChIJv63ZNDPjdUgRTdGRJ-NUVqs"
"Indiya-Indiya","ChIJaepIonMIdkgRJnqelo5iCEk"
"Mr India Sutton","ChIJLePBFQAJdkgRiIjRs1CsDZE"
"Lahore Spices","ChIJp7SgOnMIdkgR2f9742BhI7o"
"The Raj","ChIJn9AJZWoIdkgRhYrgJkjOdo4"
"Mumbai Adda","ChIJ4QBB-XYJdkgRnmSeLjcPByM"
"India Cottage","ChIJMxjXhU8IdkgRyNzJf-dDM40"
"Saint Martins","ChIJq2h8I_AHdkgR_xfm-If0JbE"
"Zaaffran Restaurant","ChIJMWGMAWwJdkgRqnr-OdbqEpQ"
"Surma Tandoori","ChIJ1yu6rGYIdkgRyd9bKTaisC0"
"Ayshea Tandoori","ChIJk6nFMuAHdkgRNA7AiJ6Iw0E"
"Lahori Mahal Restaurant","ChIJEzBH3i4JdkgRf9nFvMpKqic"
"Chi Ni Restaurant Sutton","ChIJ7bgBYCIJdkgRqRu4iRuRJSQ"
"Tick Tick Tikka","ChIJNQ_qQewJdkgRRz5wb8KUA9w"
"Rayan kitchen Sutton","ChIJI9PQPKoHdkgRPY9VPHLXUlE"
"Sakura Indian","ChIJzxTh-vEHdkgRp25hR8PpDA0"
"Mann o Salwa","ChIJXcxGn7gHdkgRHzkr6DAc2ZQ"
"Westmead Halal Tandoori","ChIJvZ3Gj00HdkgRczeMxLYYkWc"
"Trinco Sutton","ChIJwY5bsaYJdkgRTNQVoMQkTDo"
"Curry Leaf Carshalton Indian Takeway","ChIJi8JoR8AHdkgRJu74SoMvFZI"
"SpiCeylon","ChIJZfAqCn0HdkgR9bV7TfsV4ys"
"Number One Thai Restaurant","ChIJz0Elyw4IdkgR7HMlWiWy6PU"
"RFC Grill","ChIJ7aejanMJdkgRYkfcDq2xPtI"
"Mohini Balti House, Carshalton Beeches","ChIJP00s9u0HdkgRcWWAnu0wxH0"
"Naan House","ChIJpUP5uY4JdkgRo4vNGXkkapU"
"Curryzma Indian restaurant","ChIJ-S0YNKbidUgRkkgjxfskVms"
"Ellachi Belmont","ChIJcQ09IwDjdUgRJK4A_uRv40U"
"Ayraa Express","ChIJ39YAvTUJdkgRNAtFOyJ8Z7g"
"Cinnamon Garden","ChIJPxFCJAcHdkgRFQoO4EPOQ2o"
"The Indian Dinner Box","ChIJDQ9xSacEdkgRIXfW2iPUYkQ"
"Jhorna Tandoori","ChIJR1gk8rAHdkgRaqWGy_RaSOo"
"Colour's Restaurant Rosehill","ChIJ3bifa0UHdkgRrIDtE-7nc-M"
"Akash Tandoori","ChIJw7-UYp0HdkgRco83NUIajdk"
"Desi delights","ChIJfwQ2KqQJdkgROpm3X9Ipa9o"
"World Kitchen","ChIJf6vLvmEHdkgR7Ib9D-ot13I"
"Masala Run","ChIJdcuihrAHdkgRJFIbZx5HedA"
"tandoori night","ChIJw9QBB5wHdkgRxEEc4bqOCpE"
"Spice Hut","ChIJgbsrqpsHdkgRfVwipZ3OUzE"
"Best Dosa","ChIJXab55igHdkgRUW87fF3O7v0"
"Bombay Pizza","ChIJuf-LkWQHdkgRxMg6Snki4vc"
"Ollie's House Restaurant (Chelsea)","ChIJtfT1EZkFdkgRJrmbN2ebfnI"
"Libano Restaurant Balham","ChIJH5wXxZwFdkgR9BmtYzee6bw"
"Taste Of Lahore Hammersmith","ChIJHWCXJw8PdkgRq4imt4eGkaE"
"Little Lahore Shepherds Bush","ChIJx78BWAANdkgRERu0waqFSpE"
"Tikka Nation St Paul's Market Place","ChIJs7RMDEcFdkgRAscIlPU4IR8"
"Mildreds Kings Cross","ChIJl5XKp0AbdkgRTn2NK2JhzA0"
"Plated by aux pains de papy","ChIJH0fBbQwbdkgRj-la2TEkmK0"
"Tiffin Xpress","ChIJUepl0CEddkgRO8lO_w9dZjo"
"Karuna","ChIJgRNBMqgcdkgRpRHqTalk3Ks"
"Papa Dum","ChIJwTnRJwAbdkgRkBdg21pwmTc"
"Tikka Express","ChIJeYvZdQAddkgRR4yG9AgAUVs"
"Fast Break","ChIJmxWaB0obdkgR9adN_JvB7X0"
"Staffordshire","ChIJS7-SQAAbdkgRwJcA_qnpt8k"
"Crown & Pepper Farringdon","ChIJ0QhuadobdkgRUTlVn9mMnh4"
"Calm Indiana Cow","ChIJXfZLIg8FdkgRro83UWTXJGg"
"Smoking Goat Shoreditch","ChIJC_TBt7AcdkgRhkmL-r9VwRU"
"Premier Inn London Blackfriars (Fleet Street) hotel","ChIJ24SRYq0EdkgRAksghbg1UM8"
"Pali Kitchen","ChIJeceicgADdkgRo6rfiKDXDrM"
"HAZ Plantation Place","ChIJY5jz8k0DdkgRF7nszv4VE9E"
"Shere Khan Restaurant Enfield","ChIJvUU9kkEfdkgReYb8bNLAk24"
"Rajkumar Indian Restaurant","ChIJfU3V-h8fdkgRUUSO21YwbRE"
"Enfield Tandoori Restaurant","ChIJ_WNHLSUfdkgR2YTUlAU0daw"
"Tigerbay Enfield","ChIJBUTZEt0fdkgRZLHuQdg4FNA"
"Chaseside Indian Restaurant","ChIJ3VblmzYfdkgRgRBTFfdm6-4"
"Saathi Restaurant","ChIJp11C3kkfdkgR_7BHSuKAKN8"
"Mehek Restaurant Enfield","ChIJK1IGu58fdkgRPm2PzyTmn5g"
"Juboraj Indian Takeaway","ChIJNVw-aQ0fdkgRVA-C4r4mBDs"
"Bombay Spice Indian","ChIJPy9BjpEfdkgRMu_5wtMJd0Y"
"Albany Tandoori","ChIJ2UIygpsfdkgRZZYdUcgAtEg"
"Amma's Kitchen","ChIJfQrzB6ofdkgRaZkizADAHZY"
"Spice Of India","ChIJaTCsmJ4fdkgRI-I4caMGgMg"
"Curry Queen","ChIJy5_DFR8fdkgRNABL9wU-Aqs"
"Nirala Tandoori","ChIJxQoGFR8fdkgRFnfZcqR3igQ"
"ZAIKA INDIAN KITCHEN","ChIJO-O2vm4fdkgRBRcE2uY9BW8"
"The Meeting Bar & Restaurant","ChIJp6t7yTwfdkgRKkEfqMYiMwY"
"Aksular Enfield Town","ChIJFb7TxzofdkgRsItKYQ4v0Mw"
"Anuraag Tandoori","ChIJuXYpjlAYdkgR4_S3N_9adKA"
"Anahita Persian Grill","ChIJGbp49xcfdkgRLmC0lbDLdUg"
"Massala Villa","ChIJC10Pj7YedkgRuW_8uGqjExk"
"BOMBAY LANES","ChIJdXspmHkfdkgRR07hdLxJFbc"
"Curry Hut","ChIJHW65wEcfdkgRX_sdAy1u7H4"
"Deraliye","ChIJQQOw01AYdkgRL4gNc_P81Uc"
"The Coriander","ChIJ2XJH1-QYdkgRYn4GzBUPVhU"
"Chit Chaat","ChIJlX5DVtcXdkgRNfPLVlCHaUQ"
"Popeyes Louisiana Chicken","ChIJDcDkQgAfdkgRyGSgdUnPRlY"
"Chutney's","ChIJEUN2aTAYdkgRRR9380khI-g"
"Durumcu Ali Baba","ChIJdWotU6cfdkgRKnUguhfqbFs"
"Shapla","ChIJm9A6648XdkgRo2sD-FB1cdI"
"New Curry Centre","ChIJWVH_iCkYdkgRXhzGvgpENU8"
"Curry Leaf","ChIJr4MxK5IXdkgRQmDj6r579j0"
"East Barnet Curry House","ChIJgfEChhYZdkgRWJwI1oLGRdg"
"Copper Kadai Wembley","ChIJdc2KrysSdkgRxjYa8NECo-0"
"Desi Firangi Tadka","ChIJwSW1k1MTdkgRP5y7FhXItOQ"
"Indian Fusion","ChIJXf1Act4TdkgRpGzpL6CrSKo"
"Wembley Tandoori - Bar and Indian Nepalese Restaurant","ChIJq_1K4H0RdkgRK2OGH8z-snE"
"Desi Dhaba","ChIJ-YxtfrwTdkgRN6vdJT_2nZw"
"Indian Temptation","ChIJO3CwEkITdkgRzVGA4uTgqN0"
"Mumbai In Minutes - Wembley","ChIJxSWvkIkTdkgRzXHQbjyO1aI"
"Saravanaa Bhavan Wembley","ChIJUzTZAQATdkgRBfkxbZq_OjM"
"Gujju Dhaba Express","ChIJTy1OO-oTdkgRE3i0sD9e8-U"
"Real Taste of Indian Street Food","ChIJIWafIrQTdkgRWwzxbGtjYVQ"
"Anda House","ChIJ-0n9XqsTdkgR4Q6oE2Y87jQ"
"Taste of Peshawar","ChIJOx6fhIURdkgRdTx_uhPtX-8"
"Vrindavan Vatika","ChIJ53cC9TITdkgRGncNxJRDf60"
"New Lahori Masala Wembley ( halwa puri 7days a week from morning till evening)","ChIJWUMfmnwRdkgRO6awRzq3_XQ"
"Moj masala","ChIJNXdF1vQTdkgR18q1kpFPP6w"
"Krishna pure vegetarian","ChIJXYhK5jMSdkgRQt_vb1Y7k0Y"
"Aacchii Express","ChIJLRoQeAATdkgRNgv-aU4xIOg"
"Foodie's Choice","ChIJa7wxNAATdkgRjYeI6YwxIgg"
"The Arch Wembley","ChIJXS_ATCoSdkgRVzclaWnOEZY"
"Mumbai Fusion","ChIJvzGETdMTdkgRptaKSCmMJpQ"
"Indian Thikana","ChIJDXXgM-8TdkgRX3ZuNXbBJno"
"THE FUSION FACTORY | THE KULCHA SPOT","ChIJVQ-OqiITdkgR6EyiiJOJvk0"
"Manek Chowk (Wembley)","ChIJl7crFWcTdkgRobnE3WHdzsY"
"Shubh Aarambh","ChIJbzUJ2GsTdkgRYdDtAINzYeQ"
"Sai Krupa","ChIJOS9PFfsTdkgRwdoWiS6YfH4"
"Original Biryaniwala","ChIJbcLowcUTdkgR0SGLiss1b8s"
"Dosa Express","ChIJzZDi5DMSdkgR5ZfHhTqeJPE"
"Ghee gud","ChIJpxI7eAATdkgRx7Db1mEj1QU"
"Rekdi Pani Puri","ChIJCeVfdy0TdkgRBo4gos8x7FM"
"Spicy Sub","ChIJ8UwoGgATdkgRNo99_LGSF4c"
"Shree Sai Vadapav Wembley","ChIJwZV6qjUTdkgRl_R1amJzs4M"
"Prashad Sweets Ltd Wembley","ChIJMSlw-ToSdkgR4LxEMMbCC5Q"
"Badshah food korner","ChIJywCncfUTdkgR1cT_ioQr4xY"
"Quality Street Food","ChIJC5_XXJ0TdkgRUcPwP3DC1Sc"
"Bombay Vadapav and Dabeli","ChIJUyP0XAITdkgRqyBaOJ3--08"
"Radhe Food and Pan House","ChIJe49vLyYTdkgRtKO689wZDLY"
"Desi Biryani","ChIJIZzkFwATdkgRgMddphA2T84"
"Kenton Spice","ChIJobgHv7gTdkgR8rTSwYdqRNg"
"Jalsa Foods","ChIJy7b8tLITdkgRoy1EFHJwEBg"
"Jalaram Sweet Mart","ChIJ4dkRfzASdkgRg4tc91wF7J4"
"Amols Vada Pav","ChIJpUiQgG0TdkgRBASjq1lYacs"
"Mother Teresa Cafe (Goan Snack House)","ChIJVVJPQ60TdkgR62cnspy0AxY"
"GJ-5 Aalupuri & Omlet Centre","ChIJMxKWMQATdkgRIHicUFvY6uU"
"Chaiiwala","ChIJ48zcFLYTdkgRj2_3md8T7k0"
"Ashapura Sweets & savouries","ChIJg1wxXjESdkgR3mBau1t0mmA"
"Chatako Chaat House","ChIJIcb1gToSdkgRoadANVFx6S0"
"The Cardamom Club","ChIJfWwy1XkUdkgR8sRvPp2KM0Q"
"Wings","ChIJv1EVsdwTdkgRE9M-Nr70sn0"
"Shobha’s Rasoi Restaurant (Harrow)","ChIJWyPfbX4TdkgRp2jH7OkZbnY"
"Currys Dosa Harrow","ChIJJeCAZmQTdkgR6qJ1bl2nOQI"
"Taste of Lahore","ChIJofXddHYTdkgRtAeeiTGhlQc"
"Nirvana Lounge","ChIJp5vH_L0TdkgRXjcRJ8-kNmY"
"Saara's North Harrow","ChIJxTGv3UQTdkgRohWVn77Vxyk"
"Patel’s Food and Chaat - Harrow","ChIJQcbQKIcTdkgRdFrFO9OkaTc"
"Crispy Dosa Harrow","ChIJVzNRPyITdkgR7_i7y2kMttk"
"The Seven","ChIJ5zPT0uwVdkgRadNeBAp_HC4"
"Kebabish Harrow","ChIJYwIdlf8TdkgRVhvbHwcBpdE"
"Patel's Food and Chaat - Kenton","ChIJlTrMZ_oTdkgRVdQbRiDi9MI"
"Clove Spice","ChIJ6fhjn8cVdkgRkDe4Se9XGcE"
"VANGI","ChIJk5ex7zUTdkgRE_cvPd-wSdA"
"Parathas Lounge","ChIJ5yJJ1SETdkgRzS8W2SNByug"
"Ember & Mist","ChIJR4_3JF0TdkgR1ZhcPReLU-s"
"Adore British Asian Kitchen","ChIJ-9o-GUcTdkgR8woRwzYNgyY"
"Indian Dhaba","ChIJPalaCgATdkgRWcwIkJ6KwKw"
"TAPORI - Curry & Cocktail BAR","ChIJHeZAA0MTdkgRDQttltwYVP4"
"Claypot Kerala Restaurant & Cafe","ChIJXw5Od5ETdkgR_XV_Z3Rkuws"
"Mumbai in Minutes","ChIJlYogPwATdkgRAKCemlJeEGc"
"Chaiiwala","ChIJnXq_4XoTdkgRL5vFGzux66o"
"Ami’s","ChIJF-Sy0dkTdkgR4-NvvmxUSE4"
"Nawabi Hyderabad House Harrow","ChIJY-TSIgATdkgRECmuLwvkiPA"
"Kulcha Express® Harrow","ChIJE8q8QxcTdkgRDygP6nNkekM"
"Bombay Central","ChIJSZw2gIMUdkgRhny7iQe0amE"
"Hakka Garden","ChIJD6bNXEQTdkgRNyRCLTgdF4c"
"Surati Eggs & Street Food","ChIJ3WccyeYTdkgRNPNl0mMNuls"
"Tapri Junction (TJ)","ChIJf7o6W50TdkgRDsEORETUmz4"
"Tikka Nation Harrow","ChIJX__uZ1MTdkgRdYqciOLkDWM"
"Connoisseur of Sushi & Spice","ChIJ_TbZD2oTdkgREHmj7KpMCUQ"
"MTR1924","ChIJ9V1zoCoTdkgRyirfVpulilU"
"Belmont Tandoori","ChIJe801MXgUdkgRIxCwttkPkjs"
"Naan Staap","ChIJZwXbMMcTdkgRA-ZJnhRT8VE"
"Newa che Maya","ChIJA9Pr8dETdkgR5UNGj8vqvVs"
"N.A.R Ceylon Kothu Grand","ChIJb_hqzH4TdkgRnEuGoVk7joQ"
"Indian cuisine by vijaya","ChIJwyS_pkQTdkgRIjPLKMawoG4"
"Sagar South Indian Vegetarian Restaurant . Harrow","ChIJRYxtWUQTdkgRpDFKOpFkrMI"
"Chaayos - Asian Street Kitchen","ChIJFaieRAwTdkgRgBJ_AOGnvTI"
"Mr Chilly Express","ChIJpembgEQTdkgRhN-BOaDle4c"
"Biryani Kitchen","ChIJo3Fabn4TdkgRYOBSrnvE__8"
"Shree Krishna Vada Pav (SKVP) - Harrow","ChIJ46YdlHcTdkgRKxhcI6k3dNA"
"Ammachi Idly & Dosa","ChIJ9YxB4DATdkgRdhzOwYnXWTU"
"Meeting Palace","ChIJE3HmyX4TdkgRP5dvbQE-X7Y"
"Mumbai Local Queensbury","ChIJr1oXFzYTdkgRFyjYITjlezc"
"Sakonis","ChIJ2caauncTdkgRq3Ixs-4JenA"
"Three D Club","ChIJx2eMwH4TdkgROpjwTXI_KG0"
"Club 2000","ChIJrywgCTYTdkgRhdZlVoGhCys"
"Aumkar Sweets","ChIJSee4W3QTdkgRd0nbZsZRhcU"
"Panda's Kitchen 喜悦川菜","ChIJC9esbN0TdkgRVkj7RE6HDkQ"
"Balti Hut","ChIJV-AqnzYTdkgRAHEc0eTtwQ4"
"Khan's Biryani","ChIJ18DVyNMTdkgRcx6EBdm8d8s"
"Indian Street Food","ChIJ23GRRV4TdkgR74Da_Y3zxck"
"vinayak tiffin and caterers","ChIJJQDCREk7g4wRGXOHUGX-WZk"
"Gana Restaurant","ChIJXUwbITYTdkgR5c041MTlosk"
"Melissa Restaurant (Harrow)","ChIJxyr7Be8TdkgRCnaV5AylA5I"
"Mumbai Local Rayners Lane","ChIJyawXXbcTdkgRzjytZ_j8XXM"
"Gujju Junction - The Authentic Taste of Gujarat","ChIJ-btvgVcTdkgRWfarpSBw53A"
"Roti Hut","ChIJQyVZbDYTdkgRI15Y5yaUf0w"
"Hungry Head by Poussin Plaice","ChIJu2kFQP4TdkgRW22Cje-7Mas"
"K5 Lounge","ChIJvT34uKtsdkgReht0yoEnzdc"
"Pradip","ChIJm4Bm1ZATdkgRYzHFIIbA9AI"
"YAKO","ChIJO-1RwwgTdkgRDsw08JH_I4A"
"Royal China (Harrow-on-the-Hill)","ChIJfXqQFXYTdkgRPYOhWc36FWA"
"Chaii Spice","ChIJvYXAJIcTdkgRy6Q_7XODvug"
"Veggie Street Food","ChIJKY7AXIITdkgR1O0HWRa9oRQ"
"Cheatmeals","ChIJz49_JSwTdkgRkrM4zpMaskg"
"Coffee 2 Cocktails","ChIJiZFquRcTdkgRMtaJmG5gaYM"
"Jai Durga Mahal","ChIJ7ehNRkQTdkgROC75kLxnruc"
"The Maharaja Punjabi Restaurant & Sweets®","ChIJAQUXPAATdkgRa2UrRC8_4k8"
"Royal Rasoi Harrow","ChIJJeMRNy8TdkgRXTAb02utn84"
"Social Dhaba","ChIJUby3IpQVdkgR_La299HFhsY"
"RK Surti Street food","ChIJ3-RPlbkRdkgRBLsIrRQsQwk"
"chatako","ChIJnU_N3PMTdkgRDwFWyNrO1OU"
"Sambal Express South Harrow","ChIJ5ekbOyITdkgRrQlfjnfesHg"
"Trinco Bay","ChIJwf7pMjoTdkgRXrYlfVK1yqQ"
"Natraj Restaurant","ChIJFbPJKyITdkgR36J9SpA5uDg"
"Sangeetha Restaurant","ChIJrxvHE2VtdkgR-3RwuSEOQxk"
"KOTHU SRILANKAN RESTAURANT & BAR - Harrow","ChIJ828cXQATdkgRKxsKG-Qtgok"
"Sunrise dhaba","ChIJl98ATwATdkgRu28L2ygxesg"
"Flowers Lounge","ChIJmY4KNnkTdkgR_YtYm6Xwndg"
"Patel Chaat Wala","ChIJKxM8GwATdkgRhDftbZVXzXc"
"Amols vada pav","ChIJ-agG8MUTdkgRY-AZNXXFEBI"
"Vaghaar","ChIJ8358TTFtdkgRkIMoAZNC8Q0"
"Turmeric Kitchen","ChIJTbsnr8sPdkgRZZ_lJbESN0c"
"Taste Of Asia","ChIJMRLmNnkTdkgRUIVFwWbWGHk"
"Ammasbuckets","ChIJBRsjXtkTdkgRnMLBxgNfIjY"
"Awadh","ChIJBYpljK5tdkgRCoQm9uK04Fs"
"Karak Lounge","ChIJ4ZnGORwTdkgR8mOPWSM_lCk"
"Shree Krishna Vada Pav (SKVP) - Pinner","ChIJk_vHyGsTdkgRCSpJNKmiHlo"
"Food Corner","ChIJiRlHpTYTdkgRTrqEyWr9zX4"
"Behrouz Biryani-Harrow","ChIJp-w1wLwTdkgRqISk-r6mSXY"
"The Fat Crab Harrow","ChIJQycWVTETdkgRIjHs6a0k_7s"
"Mahlaxmi","ChIJUdCHeUZtdkgRglw0IX9IHKQ"
"Gokul Sweets","ChIJ4chhMY4TdkgRhGFCTz8ERg0"
"Masala Bro's","ChIJOYNR8_cTdkgRLCe-h8Rh3PA"
"Baar Baar Bar & Restaurant","ChIJPTfXakkTdkgRt97LQM6LdME"
"Street Bitez Indian Street Food","ChIJq1hcCnITdkgRygVU_GmWj8E"
"Gujarati chasko","ChIJCZnmDQATdkgReFfx0gG6-0w"
"Eggholic - Indian Street Food","ChIJ3ZE_9V0VdkgRSQnjmQFGKkU"
"Tulsi","ChIJqyRo4PkTdkgRzuDFwOCdK5A"
"SRI RATHIGA","ChIJuVcouFQRdkgR67dLjfwkLow"
"Bhookh Lagi Hai","ChIJS_cSsOwTdkgR-6ONdORHk6w"
"Spice Rack Lounge","ChIJd0KxKmoUdkgRuYinR0Xq3wA"
"SIP N SPICE","ChIJi2ItqMsVdkgRnsDkSuaYNls"
"Girnar Café","ChIJD5jDwhUVdkgRjD2mXQUDsC8"
"Mazza","ChIJBf01u0YRdkgRhYtj4PFcVsk"
"Everest Abercorn","ChIJu0pSFEIUdkgRNBw-Y4yzDik"
"Mazar Restaurant","ChIJ83KMo34TdkgRqKerocVCEjI"
"Moka Dining","ChIJ6wSwJQtrdkgRP2Ekow0qjWk"
"Home Style Foodies","ChIJX3i3sbQTdkgRb8sNIw5KGw8"
"Chicken Lover (Queensbury)","ChIJG6z7E6ETdkgR1NQ0hf2nMW0"
"Pilli Pilli","ChIJO692Du4TdkgROvMhLCcy8do"
"Kabul Korner Restaurant & Takeaway","ChIJvRpTBJ8TdkgRymncbyYzjXY"
"Bansuri Dabeli","ChIJsXGjNEERdkgR8baowiZtJj0"
"Yoko Sizzlers","ChIJV1V4kl8VdkgRX_m0eYGrWRk"
"Meera Xpress","ChIJwf1td_cTdkgRxjmX3_lHzHw"
"Sakonis","ChIJ39aaoq0UdkgRxm3dP9o3xxo"
"Spicy moon restaurant","ChIJr3O_OQATdkgRV3ZBw74h6Xc"
"Sizzling Spice","ChIJ10EMkYMUdkgRJHqQmcuA-5M"
"Shishlique","ChIJ43Mu1jgQdkgRRGcgKo-I4Q0"
"Coriander","ChIJSW4U7q0UdkgR3RIxRwMrVkQ"
"Kenton Lane Café","ChIJF2yXf4kTdkgRNg0_jQM4Yoo"
"Premier Inn London Harrow hotel","ChIJKeTqne0TdkgRXoPmHqy8yGg"
"Kebabish","ChIJWT3e2PkTdkgRdV3CGx73gLk"
"Namaste Bites","ChIJlcLrpQFtdkgR0kVTNXeR7rs"
"Black Pepper","ChIJ44VhdWxtdkgRrf3vtixj-LE"
"Mumbai Zing","ChIJu9iWKuttdkgRxhQG6rbzr-c"
"Venue 5","ChIJLTWRfMVsdkgRhjXdStHTLUE"
"Virundhu","ChIJjwHOs79sdkgRB9gO5CzksFs"
"Namaste Lounge","ChIJTXllRWJrdkgRKAsccItEw6I"
"Nims Indian","ChIJOZ0_lfJtdkgRkxWEL6JlHSo"
"The Sizzle","ChIJ83WCva5tdkgRduZ_qFOytKU"
"Shree Krishna Vada Pav (SKVP)","ChIJCdVQHgBtdkgR3o4a9BT16b4"
"Rajdoot Tandoori","ChIJl3oNePJsdkgRiuOYIfv6V8w"
"Bombay Chow","ChIJ327pkDVrdkgRYf-3jGlwUq8"
"Mango and Mint Restaurant","ChIJsRo46zRtdkgR5NBHtJb0pSI"
"Eden Lounge","ChIJzzgL7Z5tdkgRxeh173_nQvU"
"Mahi Restaurant","ChIJJTbw9TVrdkgRrNn4AX24UQY"
"Sahibs","ChIJn_W6vWNrdkgRrAx-dbVqyE8"
"RARA CATERERS","ChIJVVUVhPERdkgR3Mjw5cvzQjQ"
"Veggie Flavours Ltd","ChIJM1mqVnVtdkgR4FY1QpfyMPk"
"Istanbul Meze Grill","ChIJGbuVDYwwcEER4Po4TE_uCVg"
"Kin Dee","ChIJKVF0CO5sdkgRiDw7_fpWlvU"
"Invitation Northwood","ChIJP0Eb191rdkgR6OV7kuxieAs"
"Naunidh's Meal Box","ChIJ0x2RTMFtdkgR36VQe6a2RPg"
"Kebabish","ChIJtUgVacltdkgRYkoAtAwkC5k"
"Delhi Chowk","ChIJv_0EkEhtdkgRfa4HGIcBTuI"
"YAKO","ChIJcwGzDw9tdkgR8o7AKJhGSoA"
"Izgara","ChIJaSAGlq0UdkgRw0HFEb2Wssw"
"Zufa Hatch End","ChIJU2YsqmIVdkgREHndYessK1g"
"Sougtani","ChIJfyoAOcQEdkgRfmh_aqebzXY"
"The Black Horse Eastcote","ChIJzyQd0JZsdkgRVMOTViRHBpI"
"Sambal Express Rayners Lane","ChIJf_I6-VgTdkgRZMA12JRtA1A"
"Lahore Northwood","ChIJA5dchhNrdkgRbRFVKC2Si48"
"Bina Tandoori","ChIJuTrXmXprdkgRZyBxT3z-J8A"
"Shemul","ChIJqdiXhaVrdkgR7H8_rlZDEm0"
"Mari Masala","ChIJK7W4QmJrdkgR9A-OzRyvLU4"
"Meera Xpress","ChIJ___TVHZrdkgRHoXoA9FlRNE"
"BAMBI STANMORE","ChIJZf3RiXEVdkgR4l9FOttQeXQ"
"Everest Spice The Honeypot","ChIJqcOt0AgUdkgRAhCTmfnuVvs"
"The Agra Tandoori","ChIJH3oJ9mkUdkgRkBT84pC5puI"
"Ali’s Charcoal Grill","ChIJ67oFBq8WdkgRveh3XtCh9VI"
"Warsi Takeaway & Restaurant","ChIJB9o_cPcTdkgRT3-wrWvsa6g"
"Cafeja","ChIJ9woDJfkVdkgRjgtupXMagl4"
"Stanmore Golf Club","ChIJX43yE24UdkgRwFiYjHUzq6M"
"Empire Restaurant Wembley","ChIJe2fGKWQTdkgRfsRfsJ9Eqvg"
"Nineteen Club","ChIJAQDEr1QRdkgRboqK86YqJgU"
"Shay Naiy Sweet Mart","ChIJx1couFQRdkgR5AK-7fwgDNY"
"Pyramid Restaurant and Lounge, Edgware","ChIJy9VTqacWdkgRjA8wTwzf8N0"
"Melissa Restaurant (Edgware)","ChIJ0R5NQgMUdkgRAwlueINbw5Y"
"Izgara restaurant","ChIJUUMUi6MWdkgR4i1AuPj77x8"
"Wada Express","ChIJ43UTwVQRdkgR5bq9bVHtY24"
"Soyo - Edgware","ChIJMWLUcgYXdkgR6fuxwmvLdPo"
"Sami's Edgware","ChIJLWX5oaMWdkgRt6AUNerwD9A"
"B & K Salt Beef Bar & Restaurant","ChIJHamc16cWdkgRIYlg4ulZXqU"
"London BBQ","ChIJreV9aqYWdkgROM_boL6YbwA"
"Aviv Restaurant","ChIJgcbJTqYWdkgRvm6VPEuL-bs"
"Veggie Wok","ChIJeWQN8_sbdkgRD0LfYN_8sJ4"
"Premier Inn London Edgware hotel","ChIJO8aWP6kWdkgRpF4FIamiqvk"
"Zen Buddha","ChIJu-tOjqMWdkgRTsI54XNMB-M"
"Indo-Chi Kitchen | Fusion restaurant near me | Best Indo-chinese restaurant | Asian Restaurant | Halal Restaurant","ChIJ26TRAvMRdkgRvTj--aIM10g"
"Royal Sandwich Bar","ChIJ86HZgKYWdkgRoZFYyFCMNLY"
"Wraps and Frappes Halal","ChIJZVs2aQAXdkgRhPe7kJUfhKw"
"SandwichPlus","ChIJE2WT1HsRdkgRAFAKs2Wvpmk"
"Alperton Indi Spices","ChIJeavYpiQTdkgR9_cxFKdqr6w"
"Royal Karahi","ChIJ3VNNr7YTdkgR6_O9TPMD-5k"
"Suraj Sweet Mart Wembley","ChIJ-UrPaDESdkgR3-XoOd9fHqE"
"Tandoori Fusion","ChIJtQQtHTsTdkgRsZTWETJKTD0"
"Shree Narayan Chaat and Sweets","ChIJHw5RJQATdkgRMCMbtAZTJho"
"Egg Junction","ChIJcbJBsz8TdkgRe7qLS0UAHaY"
"JRC Global Buffet","ChIJJ6gJtyoSdkgR6m3uSTfuIEE"
"Vailankanni Kitchen","ChIJabn6H3wRdkgRikvy6YeKlPI"
"Mumbai Dosa","ChIJI7D_APwTdkgR1_fx2URthmA"
"Studio Five Restaurant","ChIJc3epD_0RdkgRnFRxZRyofyY"
"BOXPARK Wembley","ChIJ1WE10xoRdkgRHUIUP3OVu70"
"Swagat Catering","ChIJoerqaoIRdkgRZ0XekUf2UwE"
"Nando's Wembley - Designer Outlet","ChIJ6YHHtioSdkgRgTvGcogzusI"
"Monal London","ChIJebpSGQCn2EcR0m3GtNbVZcY"
"Hyderabadi Mehfil","ChIJkxCcBwCn2EcRsPvWZhsAxNo"
"Taj Grill","ChIJAatVZmCm2EcRvKZXd8tVjAk"
"Khaba Paratha House","ChIJlXE1Q-yn2EcRXTVAunlV8bg"
"Spice Khazana","ChIJdb98Aomm2EcRwuXi2E480qg"
"Nagina Restaurant","ChIJVbFl62am2EcR8NY0YuL3Mdw"
"Shree Krishna Vada Pav (SKVP) Diner - Ilford","ChIJ05xriACn2EcRkJpddClcs4M"
"Flavours Of Punjab","ChIJmf2vmLyn2EcRmFOkUBgN7ZY"
"Naan Staap®","ChIJ7aVWZ_qn2EcR_bBYiEhjGSs"
"Chaat Junction","ChIJP6vco3en2EcRSQVGWVFpSIA"
"Bombay Chowpatty","ChIJ7U935OKn2EcRPg1d-bLi0S4"
"CHAAT N Grill","ChIJgdeK00an2EcRnoCSXiJQ7sY"
"Tastee Singh","ChIJ5Y6y1Cmn2EcR4PtAq3wxq5M"
"Shezan GCD","ChIJN2D6hT2n2EcRddOgM3zlYf0"
"Zu's Ilford","ChIJFT1im3-l2EcRu-pYYJJ7uZE"
"JRC Global Buffet","ChIJhf-_AWCm2EcRgK7nIQWIvZs"
"Lahori Darbar Restaurant","ChIJW1wPvmin2EcRjdI0q_hMhBE"
"Madurai Masala Dosa Kadai","ChIJN4y2twun2EcRau0KaCo6-gk"
"Watan","ChIJOaKrU_6n2EcRJKQmGwfNE7w"
"London Darbar","ChIJ2-Z5pPOm2EcR8nvvYBeA9z4"
"Ali Curry House","ChIJ-6yqlIim2EcR_XhY6rwGeTA"
"Spicy Stories","ChIJb5Zi84Gn2EcRe2T2W-K7eD4"
"Sultan","ChIJzQLGf_Om2EcR95ePjGBi2fw"
"Iman Restaurant","ChIJvwP5Q9il2EcRglPDqbi9G9s"
"Yaadgaar Bakeries & Restaurant Ilford","ChIJzUWNS-Ol2EcR5z8r9UumPjE"
"Venue 182","ChIJ-efOsrOn2EcR1cbOrhESWq8"
"Chaiiwala","ChIJMU9QoJSn2EcRvJfxlTqIFzk"
"Pongal Express","ChIJqSe24bCn2EcRmc4synijJQU"
"JAGGIS","ChIJRyh8IGGm2EcRVrafUjYRIxs"
"PARATHA JUNCTION","ChIJv7WCfoWl2EcRT2gMn2r3Hus"
"Anand Pan Center Ilford","ChIJOzZe5WCm2EcRQBhzlJeH4tc"
"Chaiiwala","ChIJ13oxBSen2EcRNyNY6A5dcgg"
"Mehak Grill House","ChIJN8_5kzCk2EcRM0YljSFLncc"
"Mezbani","ChIJK6kEfACn2EcRK7AFLuOwMLU"
"Taj Grill","ChIJQYrkYHOn2EcR3hwFw8QTbiY"
"Grill & Thrill","ChIJPWjRv-an2EcRs39hQeoo4lI"
"Meera Sweets","ChIJjW7rsGOm2EcRZuU10G4t--o"
"Moral cafe","ChIJr-dpk4im2EcR5XQU746Scs8"
"Abshar Catering","ChIJ3a9C6p2n2EcRRpeFOsqQQOA"
"Spice Hut Express","ChIJXe56eACn2EcReQcNlIMIwuc"
"Urbanchai Barkingside","ChIJi8H5q_un2EcRta6aeiyEF48"
"Nanaks Desi Sweet Centre","ChIJ9Yy1FYam2EcRfcqpo4VlWuI"
"Nagina Grill & Restaurant","ChIJhxOw-WSn2EcRmV_0zZGCwzg"
"Raj Bhavan","ChIJiQNtOEil2EcR-QgaWHfegYg"
"Chaiiwala","ChIJB4afJrCl2EcRpElilil3aR4"
"Kebabish Original (Barking)","ChIJCwt3hXGm2EcRVL-MyDqdehA"
"Spice Box","ChIJJXdO6Hem2EcR5fa0j0UlL5w"
"Junakees","ChIJ09-q-mym2EcRVhq5pvl40l0"
"Mamboz BBQ","ChIJk4_jX4en2EcRQL03xqoXmM0"
"Coconut Bay","ChIJYbw__Kmn2EcRAmLUTFZtv-0"
"Zamana","ChIJOVlctp-n2EcRjwzT5is-Wp8"
"Wah Bey","ChIJy2flpEen2EcRbep571Yc9CI"
"Chandra Express","ChIJdRPn6Uun2EcRFc3u8AU2-DE"
"Sahara Grill","ChIJrfARSeqm2EcRk0lWifvn5yc"
"FLAME RESTAURANT & BANQUETING","ChIJbxoQNpmm2EcROx1YoW6Dj8Y"
"Spice Hut Gants Hill Ilford","ChIJBdDgZuqm2EcRKc90l_f-Vyw"
"The Turmeric (Indian Cuisine)","ChIJqQw2R36h2EcRw2gBH1JRj1w"
"Harman Restaurant","ChIJO0J9seum2EcRRnrBpocodo4"
"Alanah's","ChIJoRtWT22n2EcR1fDYZQgxNkM"
"Garam Garam","ChIJv0HYssTE2EcRi-L5Ah3PB8U"
"Satsang Sweets","ChIJmacwS4mm2EcRZkswyeGBcLo"
"Food Adda","ChIJvZ_DZ4al2EcRXQi5G52eVVE"
"Ceylon Streets","ChIJmwSVp7Sn2EcR5uzqUiFFsyg"
"Lahore Spice","ChIJl6maCSmk2EcRAthX8vTga4A"
"Massi's Kitchen Ltd","ChIJW7n3QXym2EcRUxy5K9-vv88"
"Adana Restaurant Ilford","ChIJKTrkLoKm2EcRbSoRpcanVNw"
"Salim’s","ChIJ5ftTPYKm2EcRtfrjQa5sat0"
"Mam Grill Hut","ChIJhznPPTGk2EcR1g78X8DcovQ"
"Tayyabs Express","ChIJBTjJKACn2EcR64qfikqZJa4"
"Kebabish Original","ChIJIY39Kimk2EcRkjo7n_khI_Y"
"Thali (flavours of India)","ChIJe_lGuRKn2EcRDWdp-bCX6HA"
"Pardesi Buffet","ChIJo8ffs16n2EcRQNVxnCPftlo"
"Pahalwan Biryani","ChIJWf42iaGn2EcRfJ3XBJcWa6I"
"Eastwood Indian Cuisine","ChIJJw_hKyen2EcRxgFCH2C3xEw"
"Deepika's mane thindi","ChIJpRWvZUmn2EcRaZ_L27dkezU"
"Wazir Restaurant","ChIJ6ety2_Sm2EcRP9Ha0mLYSSA"
"Shinwari","ChIJn0cdnPOm2EcR0d__e9zCFA4"
"Tandoori Chawal & Sons","ChIJrf2L08Sn2EcREzAKyGGFnxc"
"Wazir Shisha Lounge","ChIJZTslha2n2EcRQyU076JXoxc"
"Kebab Express","ChIJm8ZfSgCn2EcRuXXvZYe6TpQ"
"Lasani Biryani","ChIJsVTPGwCn2EcR8GtTEnVYBp0"
"Royal Chef","ChIJO_KvfACn2EcRmYt5TXSmwq8"
"Amma-ma Foods Limited","ChIJ5T7xZhGn2EcRI0pfccY1VWU"
"Gourmet Buffet","ChIJCRl7lfSm2EcRFkcXbKfWEaA"
"Yummy Dosa Catering","ChIJocOA2Stm2qoRoXP2Vrhu6T4"
"Punjabi bites","ChIJg58Bkw6n2EcRGejCDqwQTx4"
"NAVARUCHI","ChIJWR9wRzyn2EcRpy4nXdNbtsY"
"Sambal Express Barkingside","ChIJg0T7JrCm2EcR59E0xZ-KHB4"
"Golden Spoon","ChIJRTD0RtKn2EcRLEoercQ5Ykc"
"Kebabish Original","ChIJ9dqj79On2EcR6ujC2K9PuK0"
"The Old Maypole","ChIJgVLV9FKh2EcReOQVv2YFAKU"
"Barkingside Kebabish","ChIJU3ox-Hqn2EcRSb2Ed0srKGA"
"Bunz & Broth","ChIJT5yRkxWn2EcRz7hi3XRaa7E"
"Bombay Pan Chowpatty","ChIJgayVI0-n2EcRgfJiNYn4qB4"
"Lokkanta","ChIJKccnIwAQdkgRg6bIpuwAOe0"
"Banana Tree Westbourne Grove","ChIJKccnIwAQdkgRUXiTCFKzLmQ"
"Hafez","ChIJ6cub4v0PdkgRQTqovzU6ujM"
"ChoJo","ChIJ5TvcNLYRdkgRW4MGS8bUIfw"
"Sadaf Restaurant (Garden)","ChIJK60oC58PdkgRIHbXPvbTrLg"
"Alounak","ChIJFXQtxQEQdkgR51Ujef0zpVI"
"Mr Shawarma","ChIJQ98uGVMPdkgRNvFdpHOgHZc"
"Ariana II","ChIJQ19ww3EQdkgR0hQQbAYjnx4"
"Rozay Lounge","ChIJ63GiNvQRdkgReF8e6aGf5mw"
"Chrakhan Restaurant","ChIJu969migRdkgRuEggHagFKb4"
"Kundar Tandoori","ChIJK0y7wyIQdkgRKrhlNLPAYBg"
"Alice House West Hampstead","ChIJB-TbJXkQdkgRSD_hBfkF3zM"
"Phoenix","ChIJjbdBp_8PdkgRNTo8TidCl6Y"
"Seventeen","ChIJyaORkAAQdkgR40nWjCQnAGY"
"The Hillgate","ChIJX4XkEfsPdkgRTWjvWF7h5V4"
"Kings Head","ChIJ7WF9nv8PdkgRrynFdr9AC7A"
"The Knight of Notting Hill","ChIJyTGRfFAFdkgRWCd7qExwyok"
"Maramia Cafe","ChIJHVPqCRkQdkgRqfR8KtReLJE"
"Old Swan","ChIJc2IU8vsPdkgRRf8MoekTvwI"
"Bombay Cottage Indian Kitchen","ChIJq7bmErARdkgRJ7kv70vDmLY"
"Kebab N Kurry Korner","ChIJh7HloCUQdkgRDqihpgqlzxs"
"Lahore Village","ChIJxbq4V-UPdkgRrrGfICM8eKc"
"Fez Mangal Ladbroke Grove","ChIJGTfWsB8QdkgRp-XGV6tsKa8"
"Shabab","ChIJt0yRlNEPdkgRl48qAFUGFy8"
"Restaurante Mangrove","ChIJdSr-UhwQdkgR0BIC8euad7I"
"Chai Ada x The Indian Lunchbox","ChIJs9BvDR0PdkgRkaKiRFty9yA"
"Dorian Restaurant","ChIJR1l41mURdkgRZuhK2hbBxRM"
"CHOTIWALA","ChIJRyq4CesPdkgRy1hZio7BcLs"
"Green Hill Curry","ChIJSxzHzmgPdkgRVtzfFlceVWw"
"Ealing Balti House","ChIJ_dhhjIENdkgR3QtqCdj8Gnc"
"The Balti House","ChIJOTHQW-IRdkgR6QLyuA5CIzk"
"Shahi biryani","ChIJERfUQAANdkgRcMbvN3BvegY"
"Ma Ma's Nepalese Kitchen","ChIJfddLSIUNdkgR2Z4we2SadTs"
"The Events Place","ChIJveJG-ooNdkgRZoSYNevdrPo"
"Chaiiwala","ChIJE78UYNwNdkgRVqPQJmcmxMw"
"Epic Spice","ChIJt3dGDgBJdkgR1m0Yf-OLO_s"
"Shahid Biryani","ChIJLQVxJQANdkgRt-LCz6_whAA"
"Ramad Somali Restaurant","ChIJYwpRKwANdkgRev3Hjv07wwY"
"Jikoni","ChIJCwzfjs0adkgRM1UKFINVRzg"
"Taj Mahal Tandoori","ChIJQ82QE7MadkgRBWClAOJ9X94"
"Indi-go Rasoi Deli Selfridges London","ChIJCa_--PUFdkgRKBFG0y4shNQ"
"Saffron Restaurant","ChIJ-zoVzMoadkgR4oE4NVEteV8"
"Mayfair Zaika","ChIJ-_zt1ZUbdkgRrd6-2st8_KI"
"ULI","ChIJJyHCyUMbdkgRWLSTOhgNGZg"
"Pali Kitchen","ChIJMzhN3xYbdkgREKdMD10_474"
"FiLLi Cafe Marylebone","ChIJa7y7ERkFdkgRUDiWbfJ_JXo"
"Arcade Food Hall","ChIJq4eXqskbdkgRA71W0BW7-Ss"
"Khuttar","ChIJtZLCdLMadkgRfayAe0VU6N0"
"Al Waha","ChIJyzHZ3QEQdkgRCY4oi4U7fBo"
"Fresh and Delicious London","ChIJY2kE8OMRdkgRyS_5lJkDUwg"
"Aroma Buffet W12 | Shepherds Bush","ChIJVxTIt8QPdkgRrhs1eaBZuHw"
"Chaiiwala","ChIJVTKcROQPdkgRP9xg2gy-iyo"
"Chillies of Brackenbury - Halal","ChIJBXJMo8sPdkgRDghx8FWTk6g"
"The Hound","ChIJWxepVUYPdkgRc-M4eePP1xQ"
"MONTYS NEPALESE CUISINE","ChIJuUWujUYNdkgRO_H-QCUjQ0o"
"Ealing Biryani Junction","ChIJ4VtDfvANdkgRkAWsCEseXJ4"
"Haven Grill Meze Mangal","ChIJ7z_6PzwTdkgR-ctd2zXiCG4"
"No.10 Restaurant 上海10號","ChIJQzu8RIsPdkgR2uLo3f5W_CM"
"The Gate Hammersmith","ChIJMXl1GrcPdkgRk8p4Yntqsw8"
"Capital Restaurant","ChIJz43i5bcPdkgRFbJrmiU-cTU"
"Wok & Crust","ChIJKfOHpyEPdkgRQhUcC5FB4M8"
"Sichuan Chef","ChIJLSt0WosPdkgR_bdM1nW148c"
"Montys Usha","ChIJzbr-YncNdkgR7iTNPMBtCDM"
"Shah's Halal Food West Ealing","ChIJE-PAXgANdkgRqLEoXgUuPmQ"
"Paramount","ChIJo_46xLIadkgRBzxTvThxsiQ"
"Tyburn Kitchen","ChIJf95aELQadkgRKZ7ukA5Iw90"
"Everyman Maida Vale","ChIJrU2Z1KUadkgRqFMP9XqZlFU"
"Karma","ChIJc5nTrlMbdkgR-BD8loeHfd4"
"Koshary El Tahrir","ChIJpzPs6hEbdkgRitrgpA7SYZs"
"The Bridge House","ChIJS9uSbqkadkgRoNBhUNvzlA0"
"The Eagle","ChIJ8TGRf6UadkgRN2JwNElt87M"
"Patogh","ChIJ6cRhobUadkgRtmm8IuPP07Q"
"Freej Swaileh مطعم فريج صويلح لندن","ChIJyV9Hr7UadkgRLispyd9drTE"
"Queen of Sheba London","ChIJI-ujdrMadkgRMWv0WeTBSTI"
"Sahara","ChIJR7KQkL4adkgRkf7gLaPXsSo"
"Formosa Dining Room","ChIJBybPjqgadkgRVpt8mkaAg-I"
"Tish","ChIJgarU3ZsbdkgRcGqHAF2_E3A"
"Lord's Tavern","ChIJ84LWGJcadkgRYyWFXj_yqfA"
"Dining Domes @ WC1","ChIJ-aOTynwbdkgRfL3sBT2jvpw"
"Hero","ChIJK54cCjQbdkgRI1VZp97Vpew"
